-- ==============================================
-- Vehicle Catalog Seed for VehiclesSaleService
-- Generated: 2026-01-02T22:31:07.687777
-- Flujo: Marca → Modelo → Año → Trim → Auto-fill specs
-- ==============================================

-- Limpiar datos existentes (opcional)
-- TRUNCATE vehicle_trims, vehicle_models, vehicle_makes RESTART IDENTITY CASCADE;

-- ========================================
-- MARCAS
-- ========================================

INSERT INTO "VehicleMakes" ("Id", "Name", "Slug", "Country", "IsPopular", "SortOrder", "IsActive", "CreatedAt", "UpdatedAt") VALUES ('da221d7f-6417-4415-a076-74810c5daa83', 'Toyota', 'toyota', 'Japan', true, 1, true, NOW(), NOW()) ON CONFLICT ("Slug") DO UPDATE SET "Name" = EXCLUDED."Name", "UpdatedAt" = NOW();
INSERT INTO "VehicleMakes" ("Id", "Name", "Slug", "Country", "IsPopular", "SortOrder", "IsActive", "CreatedAt", "UpdatedAt") VALUES ('468e04a7-440d-45c7-8efe-bb6049f13599', 'Honda', 'honda', 'Japan', true, 2, true, NOW(), NOW()) ON CONFLICT ("Slug") DO UPDATE SET "Name" = EXCLUDED."Name", "UpdatedAt" = NOW();
INSERT INTO "VehicleMakes" ("Id", "Name", "Slug", "Country", "IsPopular", "SortOrder", "IsActive", "CreatedAt", "UpdatedAt") VALUES ('55dd59a5-c6c3-4338-ae58-c2f78f5da17d', 'Ford', 'ford', 'USA', true, 3, true, NOW(), NOW()) ON CONFLICT ("Slug") DO UPDATE SET "Name" = EXCLUDED."Name", "UpdatedAt" = NOW();
INSERT INTO "VehicleMakes" ("Id", "Name", "Slug", "Country", "IsPopular", "SortOrder", "IsActive", "CreatedAt", "UpdatedAt") VALUES ('ce3935b0-0bcf-4e6a-9a2a-1adfa97197da', 'Chevrolet', 'chevrolet', 'USA', true, 4, true, NOW(), NOW()) ON CONFLICT ("Slug") DO UPDATE SET "Name" = EXCLUDED."Name", "UpdatedAt" = NOW();
INSERT INTO "VehicleMakes" ("Id", "Name", "Slug", "Country", "IsPopular", "SortOrder", "IsActive", "CreatedAt", "UpdatedAt") VALUES ('743acb02-e065-4384-82f9-ee53a9e1e126', 'Nissan', 'nissan', 'Japan', true, 5, true, NOW(), NOW()) ON CONFLICT ("Slug") DO UPDATE SET "Name" = EXCLUDED."Name", "UpdatedAt" = NOW();
INSERT INTO "VehicleMakes" ("Id", "Name", "Slug", "Country", "IsPopular", "SortOrder", "IsActive", "CreatedAt", "UpdatedAt") VALUES ('31f137e9-c9b9-45ca-80c2-9d31324aae07', 'Jeep', 'jeep', 'USA', true, 6, true, NOW(), NOW()) ON CONFLICT ("Slug") DO UPDATE SET "Name" = EXCLUDED."Name", "UpdatedAt" = NOW();
INSERT INTO "VehicleMakes" ("Id", "Name", "Slug", "Country", "IsPopular", "SortOrder", "IsActive", "CreatedAt", "UpdatedAt") VALUES ('5c46089d-3620-4c15-a20d-8b324381111a', 'RAM', 'ram', 'USA', true, 7, true, NOW(), NOW()) ON CONFLICT ("Slug") DO UPDATE SET "Name" = EXCLUDED."Name", "UpdatedAt" = NOW();
INSERT INTO "VehicleMakes" ("Id", "Name", "Slug", "Country", "IsPopular", "SortOrder", "IsActive", "CreatedAt", "UpdatedAt") VALUES ('88de7383-e1c8-4faa-b5e7-3b821efd3f7f', 'GMC', 'gmc', 'USA', true, 8, true, NOW(), NOW()) ON CONFLICT ("Slug") DO UPDATE SET "Name" = EXCLUDED."Name", "UpdatedAt" = NOW();
INSERT INTO "VehicleMakes" ("Id", "Name", "Slug", "Country", "IsPopular", "SortOrder", "IsActive", "CreatedAt", "UpdatedAt") VALUES ('feaee75e-b4bb-4c51-969e-e1dba3bb7a74', 'Hyundai', 'hyundai', 'South Korea', true, 9, true, NOW(), NOW()) ON CONFLICT ("Slug") DO UPDATE SET "Name" = EXCLUDED."Name", "UpdatedAt" = NOW();
INSERT INTO "VehicleMakes" ("Id", "Name", "Slug", "Country", "IsPopular", "SortOrder", "IsActive", "CreatedAt", "UpdatedAt") VALUES ('62f1435f-5c02-42e8-8159-37c7c3c8a16c', 'Kia', 'kia', 'South Korea', true, 10, true, NOW(), NOW()) ON CONFLICT ("Slug") DO UPDATE SET "Name" = EXCLUDED."Name", "UpdatedAt" = NOW();
INSERT INTO "VehicleMakes" ("Id", "Name", "Slug", "Country", "IsPopular", "SortOrder", "IsActive", "CreatedAt", "UpdatedAt") VALUES ('530d14a3-f5f9-4534-8fb7-06332345888a', 'Tesla', 'tesla', 'USA', true, 11, true, NOW(), NOW()) ON CONFLICT ("Slug") DO UPDATE SET "Name" = EXCLUDED."Name", "UpdatedAt" = NOW();
INSERT INTO "VehicleMakes" ("Id", "Name", "Slug", "Country", "IsPopular", "SortOrder", "IsActive", "CreatedAt", "UpdatedAt") VALUES ('9ce379c1-b6b8-4127-8b43-cb6e68cb80e8', 'BMW', 'bmw', 'Germany', true, 12, true, NOW(), NOW()) ON CONFLICT ("Slug") DO UPDATE SET "Name" = EXCLUDED."Name", "UpdatedAt" = NOW();
INSERT INTO "VehicleMakes" ("Id", "Name", "Slug", "Country", "IsPopular", "SortOrder", "IsActive", "CreatedAt", "UpdatedAt") VALUES ('d1da17ce-e560-466c-bf5f-73bdb1880252', 'Mercedes-Benz', 'mercedes-benz', 'Germany', true, 13, true, NOW(), NOW()) ON CONFLICT ("Slug") DO UPDATE SET "Name" = EXCLUDED."Name", "UpdatedAt" = NOW();
INSERT INTO "VehicleMakes" ("Id", "Name", "Slug", "Country", "IsPopular", "SortOrder", "IsActive", "CreatedAt", "UpdatedAt") VALUES ('8033d53d-d91f-4b3e-8c25-4e69efd01b79', 'Audi', 'audi', 'Germany', true, 14, true, NOW(), NOW()) ON CONFLICT ("Slug") DO UPDATE SET "Name" = EXCLUDED."Name", "UpdatedAt" = NOW();
INSERT INTO "VehicleMakes" ("Id", "Name", "Slug", "Country", "IsPopular", "SortOrder", "IsActive", "CreatedAt", "UpdatedAt") VALUES ('e03f3d94-3c48-453e-9a83-b6fe8b77feda', 'Lexus', 'lexus', 'Japan', true, 15, true, NOW(), NOW()) ON CONFLICT ("Slug") DO UPDATE SET "Name" = EXCLUDED."Name", "UpdatedAt" = NOW();
INSERT INTO "VehicleMakes" ("Id", "Name", "Slug", "Country", "IsPopular", "SortOrder", "IsActive", "CreatedAt", "UpdatedAt") VALUES ('91ed8235-c5cf-4b4e-b577-d0e154b8bcc6', 'Subaru', 'subaru', 'Japan', false, 16, true, NOW(), NOW()) ON CONFLICT ("Slug") DO UPDATE SET "Name" = EXCLUDED."Name", "UpdatedAt" = NOW();
INSERT INTO "VehicleMakes" ("Id", "Name", "Slug", "Country", "IsPopular", "SortOrder", "IsActive", "CreatedAt", "UpdatedAt") VALUES ('2e1b6b2d-f9ad-41ac-aa9b-6d3a83451c51', 'Volkswagen', 'volkswagen', 'Germany', false, 17, true, NOW(), NOW()) ON CONFLICT ("Slug") DO UPDATE SET "Name" = EXCLUDED."Name", "UpdatedAt" = NOW();
INSERT INTO "VehicleMakes" ("Id", "Name", "Slug", "Country", "IsPopular", "SortOrder", "IsActive", "CreatedAt", "UpdatedAt") VALUES ('08865ad9-83fd-4f19-9656-f1c8a573b424', 'Mazda', 'mazda', 'Japan', false, 18, true, NOW(), NOW()) ON CONFLICT ("Slug") DO UPDATE SET "Name" = EXCLUDED."Name", "UpdatedAt" = NOW();
INSERT INTO "VehicleMakes" ("Id", "Name", "Slug", "Country", "IsPopular", "SortOrder", "IsActive", "CreatedAt", "UpdatedAt") VALUES ('e4644d85-b19c-47e5-a766-99ae15e1f6e2', 'Dodge', 'dodge', 'USA', false, 19, true, NOW(), NOW()) ON CONFLICT ("Slug") DO UPDATE SET "Name" = EXCLUDED."Name", "UpdatedAt" = NOW();
INSERT INTO "VehicleMakes" ("Id", "Name", "Slug", "Country", "IsPopular", "SortOrder", "IsActive", "CreatedAt", "UpdatedAt") VALUES ('a06b1575-2450-4a7f-94d0-e69454440fde', 'Porsche', 'porsche', 'Germany', false, 20, true, NOW(), NOW()) ON CONFLICT ("Slug") DO UPDATE SET "Name" = EXCLUDED."Name", "UpdatedAt" = NOW();

-- ========================================
-- MODELOS
-- ========================================

INSERT INTO "VehicleModels" ("Id", "MakeId", "Name", "Slug", "VehicleType", "StartYear", "IsPopular", "IsActive", "CreatedAt", "UpdatedAt") VALUES ('121f7dec-89cf-48dd-90d2-c027a8d6ffce', 'da221d7f-6417-4415-a076-74810c5daa83', 'Camry', 'camry', 'Car', 2023, true, true, NOW(), NOW()) ON CONFLICT ("MakeId", "Slug") DO UPDATE SET "Name" = EXCLUDED."Name", "UpdatedAt" = NOW();
INSERT INTO "VehicleModels" ("Id", "MakeId", "Name", "Slug", "VehicleType", "StartYear", "IsPopular", "IsActive", "CreatedAt", "UpdatedAt") VALUES ('4d50e2a5-f838-4cae-b786-6debd38b66e9', 'da221d7f-6417-4415-a076-74810c5daa83', 'Corolla', 'corolla', 'Car', 2024, true, true, NOW(), NOW()) ON CONFLICT ("MakeId", "Slug") DO UPDATE SET "Name" = EXCLUDED."Name", "UpdatedAt" = NOW();
INSERT INTO "VehicleModels" ("Id", "MakeId", "Name", "Slug", "VehicleType", "StartYear", "IsPopular", "IsActive", "CreatedAt", "UpdatedAt") VALUES ('d0668813-5a6c-4a32-a3d4-e4c062aa02e5', 'da221d7f-6417-4415-a076-74810c5daa83', 'RAV4', 'rav4', 'Car', 2024, true, true, NOW(), NOW()) ON CONFLICT ("MakeId", "Slug") DO UPDATE SET "Name" = EXCLUDED."Name", "UpdatedAt" = NOW();
INSERT INTO "VehicleModels" ("Id", "MakeId", "Name", "Slug", "VehicleType", "StartYear", "IsPopular", "IsActive", "CreatedAt", "UpdatedAt") VALUES ('7ae46567-e01e-4733-908c-86bf139b685d', 'da221d7f-6417-4415-a076-74810c5daa83', 'Tacoma', 'tacoma', 'Car', 2024, true, true, NOW(), NOW()) ON CONFLICT ("MakeId", "Slug") DO UPDATE SET "Name" = EXCLUDED."Name", "UpdatedAt" = NOW();
INSERT INTO "VehicleModels" ("Id", "MakeId", "Name", "Slug", "VehicleType", "StartYear", "IsPopular", "IsActive", "CreatedAt", "UpdatedAt") VALUES ('a2d98baf-5761-46e3-b06b-2043dad4bc93', '468e04a7-440d-45c7-8efe-bb6049f13599', 'Civic', 'civic', 'Car', 2024, true, true, NOW(), NOW()) ON CONFLICT ("MakeId", "Slug") DO UPDATE SET "Name" = EXCLUDED."Name", "UpdatedAt" = NOW();
INSERT INTO "VehicleModels" ("Id", "MakeId", "Name", "Slug", "VehicleType", "StartYear", "IsPopular", "IsActive", "CreatedAt", "UpdatedAt") VALUES ('9f0b1464-0c6f-4ddb-b236-3478c0ad4d21', '468e04a7-440d-45c7-8efe-bb6049f13599', 'Accord', 'accord', 'Car', 2024, true, true, NOW(), NOW()) ON CONFLICT ("MakeId", "Slug") DO UPDATE SET "Name" = EXCLUDED."Name", "UpdatedAt" = NOW();
INSERT INTO "VehicleModels" ("Id", "MakeId", "Name", "Slug", "VehicleType", "StartYear", "IsPopular", "IsActive", "CreatedAt", "UpdatedAt") VALUES ('4cac6d25-5800-4753-bb74-d566aeca1983', '468e04a7-440d-45c7-8efe-bb6049f13599', 'CR-V', 'cr-v', 'Car', 2024, true, true, NOW(), NOW()) ON CONFLICT ("MakeId", "Slug") DO UPDATE SET "Name" = EXCLUDED."Name", "UpdatedAt" = NOW();
INSERT INTO "VehicleModels" ("Id", "MakeId", "Name", "Slug", "VehicleType", "StartYear", "IsPopular", "IsActive", "CreatedAt", "UpdatedAt") VALUES ('8eaa8a6d-5542-45e2-80cf-a6dd593e40af', '55dd59a5-c6c3-4338-ae58-c2f78f5da17d', 'F-150', 'f-150', 'Car', 2024, true, true, NOW(), NOW()) ON CONFLICT ("MakeId", "Slug") DO UPDATE SET "Name" = EXCLUDED."Name", "UpdatedAt" = NOW();
INSERT INTO "VehicleModels" ("Id", "MakeId", "Name", "Slug", "VehicleType", "StartYear", "IsPopular", "IsActive", "CreatedAt", "UpdatedAt") VALUES ('428a5c06-a9c4-43c7-bbcb-1d272fd93d3e', '55dd59a5-c6c3-4338-ae58-c2f78f5da17d', 'Mustang', 'mustang', 'Car', 2024, true, true, NOW(), NOW()) ON CONFLICT ("MakeId", "Slug") DO UPDATE SET "Name" = EXCLUDED."Name", "UpdatedAt" = NOW();
INSERT INTO "VehicleModels" ("Id", "MakeId", "Name", "Slug", "VehicleType", "StartYear", "IsPopular", "IsActive", "CreatedAt", "UpdatedAt") VALUES ('ec17d2c2-5b65-4f8d-ba0e-d3c403b2c143', '530d14a3-f5f9-4534-8fb7-06332345888a', 'Model 3', 'model-3', 'Car', 2024, true, true, NOW(), NOW()) ON CONFLICT ("MakeId", "Slug") DO UPDATE SET "Name" = EXCLUDED."Name", "UpdatedAt" = NOW();
INSERT INTO "VehicleModels" ("Id", "MakeId", "Name", "Slug", "VehicleType", "StartYear", "IsPopular", "IsActive", "CreatedAt", "UpdatedAt") VALUES ('cac12afd-a83a-4cba-b95a-32ad42dacf90', '530d14a3-f5f9-4534-8fb7-06332345888a', 'Model Y', 'model-y', 'Car', 2024, true, true, NOW(), NOW()) ON CONFLICT ("MakeId", "Slug") DO UPDATE SET "Name" = EXCLUDED."Name", "UpdatedAt" = NOW();
INSERT INTO "VehicleModels" ("Id", "MakeId", "Name", "Slug", "VehicleType", "StartYear", "IsPopular", "IsActive", "CreatedAt", "UpdatedAt") VALUES ('562a02dd-4a39-4e81-a288-5a513902a11d', 'ce3935b0-0bcf-4e6a-9a2a-1adfa97197da', 'Silverado 1500', 'silverado-1500', 'Car', 2024, true, true, NOW(), NOW()) ON CONFLICT ("MakeId", "Slug") DO UPDATE SET "Name" = EXCLUDED."Name", "UpdatedAt" = NOW();
INSERT INTO "VehicleModels" ("Id", "MakeId", "Name", "Slug", "VehicleType", "StartYear", "IsPopular", "IsActive", "CreatedAt", "UpdatedAt") VALUES ('e66419bb-c023-4e6f-9973-f166f2d6f228', '9ce379c1-b6b8-4127-8b43-cb6e68cb80e8', '3 Series', '3-series', 'Car', 2024, true, true, NOW(), NOW()) ON CONFLICT ("MakeId", "Slug") DO UPDATE SET "Name" = EXCLUDED."Name", "UpdatedAt" = NOW();
INSERT INTO "VehicleModels" ("Id", "MakeId", "Name", "Slug", "VehicleType", "StartYear", "IsPopular", "IsActive", "CreatedAt", "UpdatedAt") VALUES ('db10f458-7ed0-4937-9ae8-a6ce9762caa2', 'd1da17ce-e560-466c-bf5f-73bdb1880252', 'C-Class', 'c-class', 'Car', 2024, true, true, NOW(), NOW()) ON CONFLICT ("MakeId", "Slug") DO UPDATE SET "Name" = EXCLUDED."Name", "UpdatedAt" = NOW();

-- ========================================
-- TRIMS (con specs para auto-fill)
-- ========================================

INSERT INTO "VehicleTrims" ("Id", "ModelId", "Name", "Slug", "Year", "EngineSize", "Horsepower", "Torque", "FuelType", "Transmission", "DriveType", "MpgCity", "MpgHighway", "BaseMSRP", "IsActive", "CreatedAt", "UpdatedAt") VALUES ('4a336e1c-90dd-46f2-8d2a-7cefcb4d2786', '121f7dec-89cf-48dd-90d2-c027a8d6ffce', 'LE', 'le', 2024, '2.5L I4', 203, 184, 'Gasoline', 'Automatic', 'FWD', 28, 39, 28400, true, NOW(), NOW()) ON CONFLICT ("ModelId", "Year", "Slug") DO UPDATE SET "EngineSize" = EXCLUDED."EngineSize", "Horsepower" = EXCLUDED."Horsepower", "BaseMSRP" = EXCLUDED."BaseMSRP", "UpdatedAt" = NOW();
INSERT INTO "VehicleTrims" ("Id", "ModelId", "Name", "Slug", "Year", "EngineSize", "Horsepower", "Torque", "FuelType", "Transmission", "DriveType", "MpgCity", "MpgHighway", "BaseMSRP", "IsActive", "CreatedAt", "UpdatedAt") VALUES ('34c4bb70-5123-46cb-a72a-8d04ee13498a', '121f7dec-89cf-48dd-90d2-c027a8d6ffce', 'SE', 'se', 2024, '2.5L I4', 203, 184, 'Gasoline', 'Automatic', 'FWD', 28, 39, 29495, true, NOW(), NOW()) ON CONFLICT ("ModelId", "Year", "Slug") DO UPDATE SET "EngineSize" = EXCLUDED."EngineSize", "Horsepower" = EXCLUDED."Horsepower", "BaseMSRP" = EXCLUDED."BaseMSRP", "UpdatedAt" = NOW();
INSERT INTO "VehicleTrims" ("Id", "ModelId", "Name", "Slug", "Year", "EngineSize", "Horsepower", "Torque", "FuelType", "Transmission", "DriveType", "MpgCity", "MpgHighway", "BaseMSRP", "IsActive", "CreatedAt", "UpdatedAt") VALUES ('65a66c1b-12ca-4e74-a3b5-f5100ad725b5', '121f7dec-89cf-48dd-90d2-c027a8d6ffce', 'XLE', 'xle', 2024, '2.5L I4', 203, 184, 'Gasoline', 'Automatic', 'FWD', 28, 39, 31170, true, NOW(), NOW()) ON CONFLICT ("ModelId", "Year", "Slug") DO UPDATE SET "EngineSize" = EXCLUDED."EngineSize", "Horsepower" = EXCLUDED."Horsepower", "BaseMSRP" = EXCLUDED."BaseMSRP", "UpdatedAt" = NOW();
INSERT INTO "VehicleTrims" ("Id", "ModelId", "Name", "Slug", "Year", "EngineSize", "Horsepower", "Torque", "FuelType", "Transmission", "DriveType", "MpgCity", "MpgHighway", "BaseMSRP", "IsActive", "CreatedAt", "UpdatedAt") VALUES ('825fa17f-a443-4726-a683-c0a5ac351ed3', '121f7dec-89cf-48dd-90d2-c027a8d6ffce', 'XSE', 'xse', 2024, '2.5L I4', 203, 184, 'Gasoline', 'Automatic', 'FWD', 28, 39, 32920, true, NOW(), NOW()) ON CONFLICT ("ModelId", "Year", "Slug") DO UPDATE SET "EngineSize" = EXCLUDED."EngineSize", "Horsepower" = EXCLUDED."Horsepower", "BaseMSRP" = EXCLUDED."BaseMSRP", "UpdatedAt" = NOW();
INSERT INTO "VehicleTrims" ("Id", "ModelId", "Name", "Slug", "Year", "EngineSize", "Horsepower", "Torque", "FuelType", "Transmission", "DriveType", "MpgCity", "MpgHighway", "BaseMSRP", "IsActive", "CreatedAt", "UpdatedAt") VALUES ('dfedf912-85aa-4427-9b4f-16c12ee0aab9', '121f7dec-89cf-48dd-90d2-c027a8d6ffce', 'TRD', 'trd', 2024, '3.5L V6', 301, 267, 'Gasoline', 'Automatic', 'FWD', 22, 33, 36095, true, NOW(), NOW()) ON CONFLICT ("ModelId", "Year", "Slug") DO UPDATE SET "EngineSize" = EXCLUDED."EngineSize", "Horsepower" = EXCLUDED."Horsepower", "BaseMSRP" = EXCLUDED."BaseMSRP", "UpdatedAt" = NOW();
INSERT INTO "VehicleTrims" ("Id", "ModelId", "Name", "Slug", "Year", "EngineSize", "Horsepower", "Torque", "FuelType", "Transmission", "DriveType", "MpgCity", "MpgHighway", "BaseMSRP", "IsActive", "CreatedAt", "UpdatedAt") VALUES ('7b3fdb4e-ea41-44e8-b794-9cbd537a12a5', '121f7dec-89cf-48dd-90d2-c027a8d6ffce', 'Hybrid LE', 'hybrid-le', 2024, '2.5L Hybrid', 225, 163, 'Hybrid', 'CVT', 'AWD', 51, 53, 29845, true, NOW(), NOW()) ON CONFLICT ("ModelId", "Year", "Slug") DO UPDATE SET "EngineSize" = EXCLUDED."EngineSize", "Horsepower" = EXCLUDED."Horsepower", "BaseMSRP" = EXCLUDED."BaseMSRP", "UpdatedAt" = NOW();
INSERT INTO "VehicleTrims" ("Id", "ModelId", "Name", "Slug", "Year", "EngineSize", "Horsepower", "Torque", "FuelType", "Transmission", "DriveType", "MpgCity", "MpgHighway", "BaseMSRP", "IsActive", "CreatedAt", "UpdatedAt") VALUES ('f2358e46-b168-4c59-a6c1-eaa68b64787a', '121f7dec-89cf-48dd-90d2-c027a8d6ffce', 'Hybrid SE', 'hybrid-se', 2024, '2.5L Hybrid', 225, 163, 'Hybrid', 'CVT', 'AWD', 46, 50, 31895, true, NOW(), NOW()) ON CONFLICT ("ModelId", "Year", "Slug") DO UPDATE SET "EngineSize" = EXCLUDED."EngineSize", "Horsepower" = EXCLUDED."Horsepower", "BaseMSRP" = EXCLUDED."BaseMSRP", "UpdatedAt" = NOW();
INSERT INTO "VehicleTrims" ("Id", "ModelId", "Name", "Slug", "Year", "EngineSize", "Horsepower", "Torque", "FuelType", "Transmission", "DriveType", "MpgCity", "MpgHighway", "BaseMSRP", "IsActive", "CreatedAt", "UpdatedAt") VALUES ('eeef83f1-24fe-4f7f-b237-d51282e366e2', '121f7dec-89cf-48dd-90d2-c027a8d6ffce', 'Hybrid XLE', 'hybrid-xle', 2024, '2.5L Hybrid', 225, 163, 'Hybrid', 'CVT', 'AWD', 51, 53, 33145, true, NOW(), NOW()) ON CONFLICT ("ModelId", "Year", "Slug") DO UPDATE SET "EngineSize" = EXCLUDED."EngineSize", "Horsepower" = EXCLUDED."Horsepower", "BaseMSRP" = EXCLUDED."BaseMSRP", "UpdatedAt" = NOW();
INSERT INTO "VehicleTrims" ("Id", "ModelId", "Name", "Slug", "Year", "EngineSize", "Horsepower", "Torque", "FuelType", "Transmission", "DriveType", "MpgCity", "MpgHighway", "BaseMSRP", "IsActive", "CreatedAt", "UpdatedAt") VALUES ('4edf6f74-c0e9-469c-8504-9535d7d3fe8d', '121f7dec-89cf-48dd-90d2-c027a8d6ffce', 'Hybrid XSE', 'hybrid-xse', 2024, '2.5L Hybrid', 225, 163, 'Hybrid', 'CVT', 'AWD', 46, 50, 34895, true, NOW(), NOW()) ON CONFLICT ("ModelId", "Year", "Slug") DO UPDATE SET "EngineSize" = EXCLUDED."EngineSize", "Horsepower" = EXCLUDED."Horsepower", "BaseMSRP" = EXCLUDED."BaseMSRP", "UpdatedAt" = NOW();
INSERT INTO "VehicleTrims" ("Id", "ModelId", "Name", "Slug", "Year", "EngineSize", "Horsepower", "Torque", "FuelType", "Transmission", "DriveType", "MpgCity", "MpgHighway", "BaseMSRP", "IsActive", "CreatedAt", "UpdatedAt") VALUES ('d5a65d01-eb26-4824-863a-5717bfbcdb45', '121f7dec-89cf-48dd-90d2-c027a8d6ffce', 'LE', 'le', 2023, '2.5L I4', 203, 184, 'Gasoline', 'Automatic', 'FWD', 28, 39, 26420, true, NOW(), NOW()) ON CONFLICT ("ModelId", "Year", "Slug") DO UPDATE SET "EngineSize" = EXCLUDED."EngineSize", "Horsepower" = EXCLUDED."Horsepower", "BaseMSRP" = EXCLUDED."BaseMSRP", "UpdatedAt" = NOW();
INSERT INTO "VehicleTrims" ("Id", "ModelId", "Name", "Slug", "Year", "EngineSize", "Horsepower", "Torque", "FuelType", "Transmission", "DriveType", "MpgCity", "MpgHighway", "BaseMSRP", "IsActive", "CreatedAt", "UpdatedAt") VALUES ('b8037a1b-3024-498a-93d2-52a4f93a9f56', '121f7dec-89cf-48dd-90d2-c027a8d6ffce', 'SE', 'se', 2023, '2.5L I4', 203, 184, 'Gasoline', 'Automatic', 'FWD', 28, 39, 27760, true, NOW(), NOW()) ON CONFLICT ("ModelId", "Year", "Slug") DO UPDATE SET "EngineSize" = EXCLUDED."EngineSize", "Horsepower" = EXCLUDED."Horsepower", "BaseMSRP" = EXCLUDED."BaseMSRP", "UpdatedAt" = NOW();
INSERT INTO "VehicleTrims" ("Id", "ModelId", "Name", "Slug", "Year", "EngineSize", "Horsepower", "Torque", "FuelType", "Transmission", "DriveType", "MpgCity", "MpgHighway", "BaseMSRP", "IsActive", "CreatedAt", "UpdatedAt") VALUES ('e5f2187e-8441-41ed-b349-925cceb1cec0', '121f7dec-89cf-48dd-90d2-c027a8d6ffce', 'XLE', 'xle', 2023, '2.5L I4', 203, 184, 'Gasoline', 'Automatic', 'FWD', 28, 39, 29945, true, NOW(), NOW()) ON CONFLICT ("ModelId", "Year", "Slug") DO UPDATE SET "EngineSize" = EXCLUDED."EngineSize", "Horsepower" = EXCLUDED."Horsepower", "BaseMSRP" = EXCLUDED."BaseMSRP", "UpdatedAt" = NOW();
INSERT INTO "VehicleTrims" ("Id", "ModelId", "Name", "Slug", "Year", "EngineSize", "Horsepower", "Torque", "FuelType", "Transmission", "DriveType", "MpgCity", "MpgHighway", "BaseMSRP", "IsActive", "CreatedAt", "UpdatedAt") VALUES ('ef50c0b3-7451-419a-bc20-449f673aa997', '121f7dec-89cf-48dd-90d2-c027a8d6ffce', 'XSE', 'xse', 2023, '2.5L I4', 203, 184, 'Gasoline', 'Automatic', 'FWD', 28, 39, 31070, true, NOW(), NOW()) ON CONFLICT ("ModelId", "Year", "Slug") DO UPDATE SET "EngineSize" = EXCLUDED."EngineSize", "Horsepower" = EXCLUDED."Horsepower", "BaseMSRP" = EXCLUDED."BaseMSRP", "UpdatedAt" = NOW();
INSERT INTO "VehicleTrims" ("Id", "ModelId", "Name", "Slug", "Year", "EngineSize", "Horsepower", "Torque", "FuelType", "Transmission", "DriveType", "MpgCity", "MpgHighway", "BaseMSRP", "IsActive", "CreatedAt", "UpdatedAt") VALUES ('5582efa8-a47f-415b-b68a-f1864d30cbb2', '121f7dec-89cf-48dd-90d2-c027a8d6ffce', 'TRD', 'trd', 2023, '3.5L V6', 301, 267, 'Gasoline', 'Automatic', 'FWD', 22, 32, 33795, true, NOW(), NOW()) ON CONFLICT ("ModelId", "Year", "Slug") DO UPDATE SET "EngineSize" = EXCLUDED."EngineSize", "Horsepower" = EXCLUDED."Horsepower", "BaseMSRP" = EXCLUDED."BaseMSRP", "UpdatedAt" = NOW();
INSERT INTO "VehicleTrims" ("Id", "ModelId", "Name", "Slug", "Year", "EngineSize", "Horsepower", "Torque", "FuelType", "Transmission", "DriveType", "MpgCity", "MpgHighway", "BaseMSRP", "IsActive", "CreatedAt", "UpdatedAt") VALUES ('ed271c2e-fe45-4100-89af-50917ddb8ff3', '4d50e2a5-f838-4cae-b786-6debd38b66e9', 'LE', 'le', 2024, '1.8L I4', 139, 126, 'Gasoline', 'CVT', 'FWD', 30, 38, 22050, true, NOW(), NOW()) ON CONFLICT ("ModelId", "Year", "Slug") DO UPDATE SET "EngineSize" = EXCLUDED."EngineSize", "Horsepower" = EXCLUDED."Horsepower", "BaseMSRP" = EXCLUDED."BaseMSRP", "UpdatedAt" = NOW();
INSERT INTO "VehicleTrims" ("Id", "ModelId", "Name", "Slug", "Year", "EngineSize", "Horsepower", "Torque", "FuelType", "Transmission", "DriveType", "MpgCity", "MpgHighway", "BaseMSRP", "IsActive", "CreatedAt", "UpdatedAt") VALUES ('be0161bd-8d26-4b8c-854a-efa6ce1da6cd', '4d50e2a5-f838-4cae-b786-6debd38b66e9', 'SE', 'se', 2024, '2.0L I4', 169, 151, 'Gasoline', 'CVT', 'FWD', 31, 40, 24450, true, NOW(), NOW()) ON CONFLICT ("ModelId", "Year", "Slug") DO UPDATE SET "EngineSize" = EXCLUDED."EngineSize", "Horsepower" = EXCLUDED."Horsepower", "BaseMSRP" = EXCLUDED."BaseMSRP", "UpdatedAt" = NOW();
INSERT INTO "VehicleTrims" ("Id", "ModelId", "Name", "Slug", "Year", "EngineSize", "Horsepower", "Torque", "FuelType", "Transmission", "DriveType", "MpgCity", "MpgHighway", "BaseMSRP", "IsActive", "CreatedAt", "UpdatedAt") VALUES ('3a9a00ae-fa94-4196-a7c2-d26bddaddf37', '4d50e2a5-f838-4cae-b786-6debd38b66e9', 'XLE', 'xle', 2024, '1.8L I4', 139, 126, 'Gasoline', 'CVT', 'FWD', 30, 38, 25550, true, NOW(), NOW()) ON CONFLICT ("ModelId", "Year", "Slug") DO UPDATE SET "EngineSize" = EXCLUDED."EngineSize", "Horsepower" = EXCLUDED."Horsepower", "BaseMSRP" = EXCLUDED."BaseMSRP", "UpdatedAt" = NOW();
INSERT INTO "VehicleTrims" ("Id", "ModelId", "Name", "Slug", "Year", "EngineSize", "Horsepower", "Torque", "FuelType", "Transmission", "DriveType", "MpgCity", "MpgHighway", "BaseMSRP", "IsActive", "CreatedAt", "UpdatedAt") VALUES ('d545359b-c47b-4e77-88ee-51bc23c8d136', '4d50e2a5-f838-4cae-b786-6debd38b66e9', 'Hybrid LE', 'hybrid-le', 2024, '1.8L Hybrid', 138, 105, 'Hybrid', 'CVT', 'FWD', 53, 46, 24050, true, NOW(), NOW()) ON CONFLICT ("ModelId", "Year", "Slug") DO UPDATE SET "EngineSize" = EXCLUDED."EngineSize", "Horsepower" = EXCLUDED."Horsepower", "BaseMSRP" = EXCLUDED."BaseMSRP", "UpdatedAt" = NOW();
INSERT INTO "VehicleTrims" ("Id", "ModelId", "Name", "Slug", "Year", "EngineSize", "Horsepower", "Torque", "FuelType", "Transmission", "DriveType", "MpgCity", "MpgHighway", "BaseMSRP", "IsActive", "CreatedAt", "UpdatedAt") VALUES ('55ce36c5-2595-4aba-8b82-901ec75da572', '4d50e2a5-f838-4cae-b786-6debd38b66e9', 'Hybrid SE', 'hybrid-se', 2024, '1.8L Hybrid', 138, 105, 'Hybrid', 'CVT', 'FWD', 50, 43, 26700, true, NOW(), NOW()) ON CONFLICT ("ModelId", "Year", "Slug") DO UPDATE SET "EngineSize" = EXCLUDED."EngineSize", "Horsepower" = EXCLUDED."Horsepower", "BaseMSRP" = EXCLUDED."BaseMSRP", "UpdatedAt" = NOW();
INSERT INTO "VehicleTrims" ("Id", "ModelId", "Name", "Slug", "Year", "EngineSize", "Horsepower", "Torque", "FuelType", "Transmission", "DriveType", "MpgCity", "MpgHighway", "BaseMSRP", "IsActive", "CreatedAt", "UpdatedAt") VALUES ('7c188253-cf55-4ef1-aa63-cf9101900718', 'd0668813-5a6c-4a32-a3d4-e4c062aa02e5', 'LE', 'le', 2024, '2.5L I4', 203, 184, 'Gasoline', 'Automatic', 'FWD', 27, 35, 30825, true, NOW(), NOW()) ON CONFLICT ("ModelId", "Year", "Slug") DO UPDATE SET "EngineSize" = EXCLUDED."EngineSize", "Horsepower" = EXCLUDED."Horsepower", "BaseMSRP" = EXCLUDED."BaseMSRP", "UpdatedAt" = NOW();
INSERT INTO "VehicleTrims" ("Id", "ModelId", "Name", "Slug", "Year", "EngineSize", "Horsepower", "Torque", "FuelType", "Transmission", "DriveType", "MpgCity", "MpgHighway", "BaseMSRP", "IsActive", "CreatedAt", "UpdatedAt") VALUES ('b83006db-7725-4557-9c84-4ca082d30b2a', 'd0668813-5a6c-4a32-a3d4-e4c062aa02e5', 'XLE', 'xle', 2024, '2.5L I4', 203, 184, 'Gasoline', 'Automatic', 'AWD', 26, 33, 33325, true, NOW(), NOW()) ON CONFLICT ("ModelId", "Year", "Slug") DO UPDATE SET "EngineSize" = EXCLUDED."EngineSize", "Horsepower" = EXCLUDED."Horsepower", "BaseMSRP" = EXCLUDED."BaseMSRP", "UpdatedAt" = NOW();
INSERT INTO "VehicleTrims" ("Id", "ModelId", "Name", "Slug", "Year", "EngineSize", "Horsepower", "Torque", "FuelType", "Transmission", "DriveType", "MpgCity", "MpgHighway", "BaseMSRP", "IsActive", "CreatedAt", "UpdatedAt") VALUES ('6ee1b306-d2f9-4f7a-bab3-8dd5ea187a79', 'd0668813-5a6c-4a32-a3d4-e4c062aa02e5', 'XLE Premium', 'xle-premium', 2024, '2.5L I4', 203, 184, 'Gasoline', 'Automatic', 'AWD', 26, 33, 37325, true, NOW(), NOW()) ON CONFLICT ("ModelId", "Year", "Slug") DO UPDATE SET "EngineSize" = EXCLUDED."EngineSize", "Horsepower" = EXCLUDED."Horsepower", "BaseMSRP" = EXCLUDED."BaseMSRP", "UpdatedAt" = NOW();
INSERT INTO "VehicleTrims" ("Id", "ModelId", "Name", "Slug", "Year", "EngineSize", "Horsepower", "Torque", "FuelType", "Transmission", "DriveType", "MpgCity", "MpgHighway", "BaseMSRP", "IsActive", "CreatedAt", "UpdatedAt") VALUES ('732ec6cb-c556-4f69-8c39-da187e311cab', 'd0668813-5a6c-4a32-a3d4-e4c062aa02e5', 'Adventure', 'adventure', 2024, '2.5L I4', 203, 184, 'Gasoline', 'Automatic', 'AWD', 26, 33, 38795, true, NOW(), NOW()) ON CONFLICT ("ModelId", "Year", "Slug") DO UPDATE SET "EngineSize" = EXCLUDED."EngineSize", "Horsepower" = EXCLUDED."Horsepower", "BaseMSRP" = EXCLUDED."BaseMSRP", "UpdatedAt" = NOW();
INSERT INTO "VehicleTrims" ("Id", "ModelId", "Name", "Slug", "Year", "EngineSize", "Horsepower", "Torque", "FuelType", "Transmission", "DriveType", "MpgCity", "MpgHighway", "BaseMSRP", "IsActive", "CreatedAt", "UpdatedAt") VALUES ('0666c109-424d-4867-b2b3-c6d19e2ca9ce', 'd0668813-5a6c-4a32-a3d4-e4c062aa02e5', 'TRD Off-Road', 'trd-off-road', 2024, '2.5L I4', 203, 184, 'Gasoline', 'Automatic', 'AWD', 26, 33, 41490, true, NOW(), NOW()) ON CONFLICT ("ModelId", "Year", "Slug") DO UPDATE SET "EngineSize" = EXCLUDED."EngineSize", "Horsepower" = EXCLUDED."Horsepower", "BaseMSRP" = EXCLUDED."BaseMSRP", "UpdatedAt" = NOW();
INSERT INTO "VehicleTrims" ("Id", "ModelId", "Name", "Slug", "Year", "EngineSize", "Horsepower", "Torque", "FuelType", "Transmission", "DriveType", "MpgCity", "MpgHighway", "BaseMSRP", "IsActive", "CreatedAt", "UpdatedAt") VALUES ('925e55a8-8aa7-4ce4-ac39-21ad31fbaf52', 'd0668813-5a6c-4a32-a3d4-e4c062aa02e5', 'Hybrid SE', 'hybrid-se', 2024, '2.5L Hybrid', 219, 163, 'Hybrid', 'CVT', 'AWD', 41, 38, 33325, true, NOW(), NOW()) ON CONFLICT ("ModelId", "Year", "Slug") DO UPDATE SET "EngineSize" = EXCLUDED."EngineSize", "Horsepower" = EXCLUDED."Horsepower", "BaseMSRP" = EXCLUDED."BaseMSRP", "UpdatedAt" = NOW();
INSERT INTO "VehicleTrims" ("Id", "ModelId", "Name", "Slug", "Year", "EngineSize", "Horsepower", "Torque", "FuelType", "Transmission", "DriveType", "MpgCity", "MpgHighway", "BaseMSRP", "IsActive", "CreatedAt", "UpdatedAt") VALUES ('d7285aad-d70f-4b6b-ae44-229f74dfe2b7', 'd0668813-5a6c-4a32-a3d4-e4c062aa02e5', 'Hybrid XLE', 'hybrid-xle', 2024, '2.5L Hybrid', 219, 163, 'Hybrid', 'CVT', 'AWD', 41, 38, 36150, true, NOW(), NOW()) ON CONFLICT ("ModelId", "Year", "Slug") DO UPDATE SET "EngineSize" = EXCLUDED."EngineSize", "Horsepower" = EXCLUDED."Horsepower", "BaseMSRP" = EXCLUDED."BaseMSRP", "UpdatedAt" = NOW();
INSERT INTO "VehicleTrims" ("Id", "ModelId", "Name", "Slug", "Year", "EngineSize", "Horsepower", "Torque", "FuelType", "Transmission", "DriveType", "MpgCity", "MpgHighway", "BaseMSRP", "IsActive", "CreatedAt", "UpdatedAt") VALUES ('67ff6b6f-21ca-4cea-9f78-633c75e9a17c', 'd0668813-5a6c-4a32-a3d4-e4c062aa02e5', 'Prime SE', 'prime-se', 2024, '2.5L PHEV', 302, 199, 'PlugInHybrid', 'CVT', 'AWD', 94, 84, 44340, true, NOW(), NOW()) ON CONFLICT ("ModelId", "Year", "Slug") DO UPDATE SET "EngineSize" = EXCLUDED."EngineSize", "Horsepower" = EXCLUDED."Horsepower", "BaseMSRP" = EXCLUDED."BaseMSRP", "UpdatedAt" = NOW();
INSERT INTO "VehicleTrims" ("Id", "ModelId", "Name", "Slug", "Year", "EngineSize", "Horsepower", "Torque", "FuelType", "Transmission", "DriveType", "MpgCity", "MpgHighway", "BaseMSRP", "IsActive", "CreatedAt", "UpdatedAt") VALUES ('2023d102-3fb0-499e-926d-01f4ad1d1853', 'd0668813-5a6c-4a32-a3d4-e4c062aa02e5', 'Prime XSE', 'prime-xse', 2024, '2.5L PHEV', 302, 199, 'PlugInHybrid', 'CVT', 'AWD', 94, 84, 49770, true, NOW(), NOW()) ON CONFLICT ("ModelId", "Year", "Slug") DO UPDATE SET "EngineSize" = EXCLUDED."EngineSize", "Horsepower" = EXCLUDED."Horsepower", "BaseMSRP" = EXCLUDED."BaseMSRP", "UpdatedAt" = NOW();
INSERT INTO "VehicleTrims" ("Id", "ModelId", "Name", "Slug", "Year", "EngineSize", "Horsepower", "Torque", "FuelType", "Transmission", "DriveType", "MpgCity", "MpgHighway", "BaseMSRP", "IsActive", "CreatedAt", "UpdatedAt") VALUES ('2d020481-39b9-40c3-abc8-df34c954c022', '7ae46567-e01e-4733-908c-86bf139b685d', 'SR', 'sr', 2024, '2.4L Turbo I4', 228, 243, 'Gasoline', 'Automatic', 'RWD', 21, 26, 35490, true, NOW(), NOW()) ON CONFLICT ("ModelId", "Year", "Slug") DO UPDATE SET "EngineSize" = EXCLUDED."EngineSize", "Horsepower" = EXCLUDED."Horsepower", "BaseMSRP" = EXCLUDED."BaseMSRP", "UpdatedAt" = NOW();
INSERT INTO "VehicleTrims" ("Id", "ModelId", "Name", "Slug", "Year", "EngineSize", "Horsepower", "Torque", "FuelType", "Transmission", "DriveType", "MpgCity", "MpgHighway", "BaseMSRP", "IsActive", "CreatedAt", "UpdatedAt") VALUES ('ebc3a976-627c-4ad1-be17-770c067c0e93', '7ae46567-e01e-4733-908c-86bf139b685d', 'SR5', 'sr5', 2024, '2.4L Turbo I4', 278, 317, 'Gasoline', 'Automatic', 'FourWD', 19, 24, 38990, true, NOW(), NOW()) ON CONFLICT ("ModelId", "Year", "Slug") DO UPDATE SET "EngineSize" = EXCLUDED."EngineSize", "Horsepower" = EXCLUDED."Horsepower", "BaseMSRP" = EXCLUDED."BaseMSRP", "UpdatedAt" = NOW();
INSERT INTO "VehicleTrims" ("Id", "ModelId", "Name", "Slug", "Year", "EngineSize", "Horsepower", "Torque", "FuelType", "Transmission", "DriveType", "MpgCity", "MpgHighway", "BaseMSRP", "IsActive", "CreatedAt", "UpdatedAt") VALUES ('c19905f8-3e82-40b2-8abd-2aca17b59a6b', '7ae46567-e01e-4733-908c-86bf139b685d', 'TRD Sport', 'trd-sport', 2024, '2.4L Turbo I4', 278, 317, 'Gasoline', 'Automatic', 'FourWD', 19, 24, 43745, true, NOW(), NOW()) ON CONFLICT ("ModelId", "Year", "Slug") DO UPDATE SET "EngineSize" = EXCLUDED."EngineSize", "Horsepower" = EXCLUDED."Horsepower", "BaseMSRP" = EXCLUDED."BaseMSRP", "UpdatedAt" = NOW();
INSERT INTO "VehicleTrims" ("Id", "ModelId", "Name", "Slug", "Year", "EngineSize", "Horsepower", "Torque", "FuelType", "Transmission", "DriveType", "MpgCity", "MpgHighway", "BaseMSRP", "IsActive", "CreatedAt", "UpdatedAt") VALUES ('3f8d579e-f97b-4efc-9b41-17ec6629f7a4', '7ae46567-e01e-4733-908c-86bf139b685d', 'TRD Off-Road', 'trd-off-road', 2024, '2.4L Turbo I4', 278, 317, 'Gasoline', 'Automatic', 'FourWD', 19, 24, 45110, true, NOW(), NOW()) ON CONFLICT ("ModelId", "Year", "Slug") DO UPDATE SET "EngineSize" = EXCLUDED."EngineSize", "Horsepower" = EXCLUDED."Horsepower", "BaseMSRP" = EXCLUDED."BaseMSRP", "UpdatedAt" = NOW();
INSERT INTO "VehicleTrims" ("Id", "ModelId", "Name", "Slug", "Year", "EngineSize", "Horsepower", "Torque", "FuelType", "Transmission", "DriveType", "MpgCity", "MpgHighway", "BaseMSRP", "IsActive", "CreatedAt", "UpdatedAt") VALUES ('6dd44ad5-a219-4cff-b9d9-1e2eb67d8317', '7ae46567-e01e-4733-908c-86bf139b685d', 'Limited', 'limited', 2024, '2.4L Turbo I4', 278, 317, 'Gasoline', 'Automatic', 'FourWD', 19, 24, 51840, true, NOW(), NOW()) ON CONFLICT ("ModelId", "Year", "Slug") DO UPDATE SET "EngineSize" = EXCLUDED."EngineSize", "Horsepower" = EXCLUDED."Horsepower", "BaseMSRP" = EXCLUDED."BaseMSRP", "UpdatedAt" = NOW();
INSERT INTO "VehicleTrims" ("Id", "ModelId", "Name", "Slug", "Year", "EngineSize", "Horsepower", "Torque", "FuelType", "Transmission", "DriveType", "MpgCity", "MpgHighway", "BaseMSRP", "IsActive", "CreatedAt", "UpdatedAt") VALUES ('d2de9f64-bfe1-40bc-8100-5c3122d7378f', '7ae46567-e01e-4733-908c-86bf139b685d', 'TRD Pro', 'trd-pro', 2024, '2.4L Turbo I4', 278, 317, 'Gasoline', 'Automatic', 'FourWD', 19, 23, 58490, true, NOW(), NOW()) ON CONFLICT ("ModelId", "Year", "Slug") DO UPDATE SET "EngineSize" = EXCLUDED."EngineSize", "Horsepower" = EXCLUDED."Horsepower", "BaseMSRP" = EXCLUDED."BaseMSRP", "UpdatedAt" = NOW();
INSERT INTO "VehicleTrims" ("Id", "ModelId", "Name", "Slug", "Year", "EngineSize", "Horsepower", "Torque", "FuelType", "Transmission", "DriveType", "MpgCity", "MpgHighway", "BaseMSRP", "IsActive", "CreatedAt", "UpdatedAt") VALUES ('295073f5-5e5b-4d5a-9781-22e32882c008', '7ae46567-e01e-4733-908c-86bf139b685d', 'Trailhunter', 'trailhunter', 2024, '2.4L Turbo Hybrid', 326, 465, 'Hybrid', 'Automatic', 'FourWD', 23, 24, 63740, true, NOW(), NOW()) ON CONFLICT ("ModelId", "Year", "Slug") DO UPDATE SET "EngineSize" = EXCLUDED."EngineSize", "Horsepower" = EXCLUDED."Horsepower", "BaseMSRP" = EXCLUDED."BaseMSRP", "UpdatedAt" = NOW();
INSERT INTO "VehicleTrims" ("Id", "ModelId", "Name", "Slug", "Year", "EngineSize", "Horsepower", "Torque", "FuelType", "Transmission", "DriveType", "MpgCity", "MpgHighway", "BaseMSRP", "IsActive", "CreatedAt", "UpdatedAt") VALUES ('10e76964-9e5c-44b1-9eeb-55d6b27ce990', 'a2d98baf-5761-46e3-b06b-2043dad4bc93', 'LX', 'lx', 2024, '2.0L I4', 158, 138, 'Gasoline', 'CVT', 'FWD', 31, 40, 24950, true, NOW(), NOW()) ON CONFLICT ("ModelId", "Year", "Slug") DO UPDATE SET "EngineSize" = EXCLUDED."EngineSize", "Horsepower" = EXCLUDED."Horsepower", "BaseMSRP" = EXCLUDED."BaseMSRP", "UpdatedAt" = NOW();
INSERT INTO "VehicleTrims" ("Id", "ModelId", "Name", "Slug", "Year", "EngineSize", "Horsepower", "Torque", "FuelType", "Transmission", "DriveType", "MpgCity", "MpgHighway", "BaseMSRP", "IsActive", "CreatedAt", "UpdatedAt") VALUES ('ff7300f3-2c65-47ea-ba06-ac95d9778cd9', 'a2d98baf-5761-46e3-b06b-2043dad4bc93', 'Sport', 'sport', 2024, '2.0L I4', 158, 138, 'Gasoline', 'CVT', 'FWD', 31, 40, 26600, true, NOW(), NOW()) ON CONFLICT ("ModelId", "Year", "Slug") DO UPDATE SET "EngineSize" = EXCLUDED."EngineSize", "Horsepower" = EXCLUDED."Horsepower", "BaseMSRP" = EXCLUDED."BaseMSRP", "UpdatedAt" = NOW();
INSERT INTO "VehicleTrims" ("Id", "ModelId", "Name", "Slug", "Year", "EngineSize", "Horsepower", "Torque", "FuelType", "Transmission", "DriveType", "MpgCity", "MpgHighway", "BaseMSRP", "IsActive", "CreatedAt", "UpdatedAt") VALUES ('1dcaa042-19f8-47d7-965c-da5b8b794a5b', 'a2d98baf-5761-46e3-b06b-2043dad4bc93', 'EX', 'ex', 2024, '1.5L Turbo I4', 180, 177, 'Gasoline', 'CVT', 'FWD', 33, 42, 28300, true, NOW(), NOW()) ON CONFLICT ("ModelId", "Year", "Slug") DO UPDATE SET "EngineSize" = EXCLUDED."EngineSize", "Horsepower" = EXCLUDED."Horsepower", "BaseMSRP" = EXCLUDED."BaseMSRP", "UpdatedAt" = NOW();
INSERT INTO "VehicleTrims" ("Id", "ModelId", "Name", "Slug", "Year", "EngineSize", "Horsepower", "Torque", "FuelType", "Transmission", "DriveType", "MpgCity", "MpgHighway", "BaseMSRP", "IsActive", "CreatedAt", "UpdatedAt") VALUES ('07fcbd65-cd94-4c6c-998d-bc8497b1d9aa', 'a2d98baf-5761-46e3-b06b-2043dad4bc93', 'Touring', 'touring', 2024, '1.5L Turbo I4', 180, 177, 'Gasoline', 'CVT', 'FWD', 33, 42, 30900, true, NOW(), NOW()) ON CONFLICT ("ModelId", "Year", "Slug") DO UPDATE SET "EngineSize" = EXCLUDED."EngineSize", "Horsepower" = EXCLUDED."Horsepower", "BaseMSRP" = EXCLUDED."BaseMSRP", "UpdatedAt" = NOW();
INSERT INTO "VehicleTrims" ("Id", "ModelId", "Name", "Slug", "Year", "EngineSize", "Horsepower", "Torque", "FuelType", "Transmission", "DriveType", "MpgCity", "MpgHighway", "BaseMSRP", "IsActive", "CreatedAt", "UpdatedAt") VALUES ('e3d02505-62a3-49a0-a2be-c488c81a2a78', 'a2d98baf-5761-46e3-b06b-2043dad4bc93', 'Si', 'si', 2024, '1.5L Turbo I4', 200, 192, 'Gasoline', 'Manual', 'FWD', 27, 37, 30350, true, NOW(), NOW()) ON CONFLICT ("ModelId", "Year", "Slug") DO UPDATE SET "EngineSize" = EXCLUDED."EngineSize", "Horsepower" = EXCLUDED."Horsepower", "BaseMSRP" = EXCLUDED."BaseMSRP", "UpdatedAt" = NOW();
INSERT INTO "VehicleTrims" ("Id", "ModelId", "Name", "Slug", "Year", "EngineSize", "Horsepower", "Torque", "FuelType", "Transmission", "DriveType", "MpgCity", "MpgHighway", "BaseMSRP", "IsActive", "CreatedAt", "UpdatedAt") VALUES ('ca87d6b6-6a4d-4d93-9019-b71f5c8f0a76', 'a2d98baf-5761-46e3-b06b-2043dad4bc93', 'Type R', 'type-r', 2024, '2.0L Turbo I4', 315, 310, 'Gasoline', 'Manual', 'FWD', 22, 28, 44845, true, NOW(), NOW()) ON CONFLICT ("ModelId", "Year", "Slug") DO UPDATE SET "EngineSize" = EXCLUDED."EngineSize", "Horsepower" = EXCLUDED."Horsepower", "BaseMSRP" = EXCLUDED."BaseMSRP", "UpdatedAt" = NOW();
INSERT INTO "VehicleTrims" ("Id", "ModelId", "Name", "Slug", "Year", "EngineSize", "Horsepower", "Torque", "FuelType", "Transmission", "DriveType", "MpgCity", "MpgHighway", "BaseMSRP", "IsActive", "CreatedAt", "UpdatedAt") VALUES ('f58f483a-5793-45c0-977b-0412f35b61a8', '9f0b1464-0c6f-4ddb-b236-3478c0ad4d21', 'LX', 'lx', 2024, '1.5L Turbo I4', 192, 192, 'Gasoline', 'CVT', 'FWD', 29, 37, 28990, true, NOW(), NOW()) ON CONFLICT ("ModelId", "Year", "Slug") DO UPDATE SET "EngineSize" = EXCLUDED."EngineSize", "Horsepower" = EXCLUDED."Horsepower", "BaseMSRP" = EXCLUDED."BaseMSRP", "UpdatedAt" = NOW();
INSERT INTO "VehicleTrims" ("Id", "ModelId", "Name", "Slug", "Year", "EngineSize", "Horsepower", "Torque", "FuelType", "Transmission", "DriveType", "MpgCity", "MpgHighway", "BaseMSRP", "IsActive", "CreatedAt", "UpdatedAt") VALUES ('5c618d36-dc88-430e-b05a-2da891c3d3d8', '9f0b1464-0c6f-4ddb-b236-3478c0ad4d21', 'EX', 'ex', 2024, '1.5L Turbo I4', 192, 192, 'Gasoline', 'CVT', 'FWD', 29, 37, 32490, true, NOW(), NOW()) ON CONFLICT ("ModelId", "Year", "Slug") DO UPDATE SET "EngineSize" = EXCLUDED."EngineSize", "Horsepower" = EXCLUDED."Horsepower", "BaseMSRP" = EXCLUDED."BaseMSRP", "UpdatedAt" = NOW();
INSERT INTO "VehicleTrims" ("Id", "ModelId", "Name", "Slug", "Year", "EngineSize", "Horsepower", "Torque", "FuelType", "Transmission", "DriveType", "MpgCity", "MpgHighway", "BaseMSRP", "IsActive", "CreatedAt", "UpdatedAt") VALUES ('bbec9b19-1877-40b6-ab52-6650ab0304e8', '9f0b1464-0c6f-4ddb-b236-3478c0ad4d21', 'EX-L', 'ex-l', 2024, '1.5L Turbo I4', 192, 192, 'Gasoline', 'CVT', 'FWD', 29, 37, 34940, true, NOW(), NOW()) ON CONFLICT ("ModelId", "Year", "Slug") DO UPDATE SET "EngineSize" = EXCLUDED."EngineSize", "Horsepower" = EXCLUDED."Horsepower", "BaseMSRP" = EXCLUDED."BaseMSRP", "UpdatedAt" = NOW();
INSERT INTO "VehicleTrims" ("Id", "ModelId", "Name", "Slug", "Year", "EngineSize", "Horsepower", "Torque", "FuelType", "Transmission", "DriveType", "MpgCity", "MpgHighway", "BaseMSRP", "IsActive", "CreatedAt", "UpdatedAt") VALUES ('0d118943-ac2b-44ed-b06c-39c126ec578b', '9f0b1464-0c6f-4ddb-b236-3478c0ad4d21', 'Sport', 'sport', 2024, '1.5L Turbo I4', 192, 192, 'Gasoline', 'CVT', 'FWD', 29, 37, 32990, true, NOW(), NOW()) ON CONFLICT ("ModelId", "Year", "Slug") DO UPDATE SET "EngineSize" = EXCLUDED."EngineSize", "Horsepower" = EXCLUDED."Horsepower", "BaseMSRP" = EXCLUDED."BaseMSRP", "UpdatedAt" = NOW();
INSERT INTO "VehicleTrims" ("Id", "ModelId", "Name", "Slug", "Year", "EngineSize", "Horsepower", "Torque", "FuelType", "Transmission", "DriveType", "MpgCity", "MpgHighway", "BaseMSRP", "IsActive", "CreatedAt", "UpdatedAt") VALUES ('6d015bc6-3922-419a-bda3-6fa33b5101b3', '9f0b1464-0c6f-4ddb-b236-3478c0ad4d21', 'Sport-L', 'sport-l', 2024, '1.5L Turbo I4', 192, 192, 'Gasoline', 'CVT', 'FWD', 29, 37, 35940, true, NOW(), NOW()) ON CONFLICT ("ModelId", "Year", "Slug") DO UPDATE SET "EngineSize" = EXCLUDED."EngineSize", "Horsepower" = EXCLUDED."Horsepower", "BaseMSRP" = EXCLUDED."BaseMSRP", "UpdatedAt" = NOW();
INSERT INTO "VehicleTrims" ("Id", "ModelId", "Name", "Slug", "Year", "EngineSize", "Horsepower", "Torque", "FuelType", "Transmission", "DriveType", "MpgCity", "MpgHighway", "BaseMSRP", "IsActive", "CreatedAt", "UpdatedAt") VALUES ('d1a98b30-1daf-4048-9059-2435dff230b7', '9f0b1464-0c6f-4ddb-b236-3478c0ad4d21', 'Hybrid Sport', 'hybrid-sport', 2024, '2.0L Hybrid', 204, 247, 'Hybrid', 'CVT', 'FWD', 51, 44, 33990, true, NOW(), NOW()) ON CONFLICT ("ModelId", "Year", "Slug") DO UPDATE SET "EngineSize" = EXCLUDED."EngineSize", "Horsepower" = EXCLUDED."Horsepower", "BaseMSRP" = EXCLUDED."BaseMSRP", "UpdatedAt" = NOW();
INSERT INTO "VehicleTrims" ("Id", "ModelId", "Name", "Slug", "Year", "EngineSize", "Horsepower", "Torque", "FuelType", "Transmission", "DriveType", "MpgCity", "MpgHighway", "BaseMSRP", "IsActive", "CreatedAt", "UpdatedAt") VALUES ('3b5d7690-f81d-4fca-a237-79e41ff9aa06', '9f0b1464-0c6f-4ddb-b236-3478c0ad4d21', 'Hybrid EX-L', 'hybrid-ex-l', 2024, '2.0L Hybrid', 204, 247, 'Hybrid', 'CVT', 'FWD', 51, 44, 36940, true, NOW(), NOW()) ON CONFLICT ("ModelId", "Year", "Slug") DO UPDATE SET "EngineSize" = EXCLUDED."EngineSize", "Horsepower" = EXCLUDED."Horsepower", "BaseMSRP" = EXCLUDED."BaseMSRP", "UpdatedAt" = NOW();
INSERT INTO "VehicleTrims" ("Id", "ModelId", "Name", "Slug", "Year", "EngineSize", "Horsepower", "Torque", "FuelType", "Transmission", "DriveType", "MpgCity", "MpgHighway", "BaseMSRP", "IsActive", "CreatedAt", "UpdatedAt") VALUES ('20636e77-0c2b-4afb-9cc9-39f03abfaa5b', '9f0b1464-0c6f-4ddb-b236-3478c0ad4d21', 'Hybrid Sport-L', 'hybrid-sport-l', 2024, '2.0L Hybrid', 204, 247, 'Hybrid', 'CVT', 'FWD', 51, 44, 37940, true, NOW(), NOW()) ON CONFLICT ("ModelId", "Year", "Slug") DO UPDATE SET "EngineSize" = EXCLUDED."EngineSize", "Horsepower" = EXCLUDED."Horsepower", "BaseMSRP" = EXCLUDED."BaseMSRP", "UpdatedAt" = NOW();
INSERT INTO "VehicleTrims" ("Id", "ModelId", "Name", "Slug", "Year", "EngineSize", "Horsepower", "Torque", "FuelType", "Transmission", "DriveType", "MpgCity", "MpgHighway", "BaseMSRP", "IsActive", "CreatedAt", "UpdatedAt") VALUES ('2cedbc97-88bc-4c47-ab56-e8626ee5da0e', '9f0b1464-0c6f-4ddb-b236-3478c0ad4d21', 'Hybrid Touring', 'hybrid-touring', 2024, '2.0L Hybrid', 204, 247, 'Hybrid', 'CVT', 'FWD', 48, 47, 39890, true, NOW(), NOW()) ON CONFLICT ("ModelId", "Year", "Slug") DO UPDATE SET "EngineSize" = EXCLUDED."EngineSize", "Horsepower" = EXCLUDED."Horsepower", "BaseMSRP" = EXCLUDED."BaseMSRP", "UpdatedAt" = NOW();
INSERT INTO "VehicleTrims" ("Id", "ModelId", "Name", "Slug", "Year", "EngineSize", "Horsepower", "Torque", "FuelType", "Transmission", "DriveType", "MpgCity", "MpgHighway", "BaseMSRP", "IsActive", "CreatedAt", "UpdatedAt") VALUES ('6b17656f-600a-4aac-91a6-35412cfba353', '4cac6d25-5800-4753-bb74-d566aeca1983', 'LX', 'lx', 2024, '1.5L Turbo I4', 190, 179, 'Gasoline', 'CVT', 'FWD', 28, 34, 30850, true, NOW(), NOW()) ON CONFLICT ("ModelId", "Year", "Slug") DO UPDATE SET "EngineSize" = EXCLUDED."EngineSize", "Horsepower" = EXCLUDED."Horsepower", "BaseMSRP" = EXCLUDED."BaseMSRP", "UpdatedAt" = NOW();
INSERT INTO "VehicleTrims" ("Id", "ModelId", "Name", "Slug", "Year", "EngineSize", "Horsepower", "Torque", "FuelType", "Transmission", "DriveType", "MpgCity", "MpgHighway", "BaseMSRP", "IsActive", "CreatedAt", "UpdatedAt") VALUES ('1d39b3cc-7231-45ca-8a33-e89696e1dfbb', '4cac6d25-5800-4753-bb74-d566aeca1983', 'EX', 'ex', 2024, '1.5L Turbo I4', 190, 179, 'Gasoline', 'CVT', 'AWD', 27, 32, 34555, true, NOW(), NOW()) ON CONFLICT ("ModelId", "Year", "Slug") DO UPDATE SET "EngineSize" = EXCLUDED."EngineSize", "Horsepower" = EXCLUDED."Horsepower", "BaseMSRP" = EXCLUDED."BaseMSRP", "UpdatedAt" = NOW();
INSERT INTO "VehicleTrims" ("Id", "ModelId", "Name", "Slug", "Year", "EngineSize", "Horsepower", "Torque", "FuelType", "Transmission", "DriveType", "MpgCity", "MpgHighway", "BaseMSRP", "IsActive", "CreatedAt", "UpdatedAt") VALUES ('6e8efe7c-0d08-4064-bf4e-a24bb82970ed', '4cac6d25-5800-4753-bb74-d566aeca1983', 'EX-L', 'ex-l', 2024, '1.5L Turbo I4', 190, 179, 'Gasoline', 'CVT', 'AWD', 27, 32, 36005, true, NOW(), NOW()) ON CONFLICT ("ModelId", "Year", "Slug") DO UPDATE SET "EngineSize" = EXCLUDED."EngineSize", "Horsepower" = EXCLUDED."Horsepower", "BaseMSRP" = EXCLUDED."BaseMSRP", "UpdatedAt" = NOW();
INSERT INTO "VehicleTrims" ("Id", "ModelId", "Name", "Slug", "Year", "EngineSize", "Horsepower", "Torque", "FuelType", "Transmission", "DriveType", "MpgCity", "MpgHighway", "BaseMSRP", "IsActive", "CreatedAt", "UpdatedAt") VALUES ('270458b3-53ff-4970-b0f9-d1feddc36d91', '4cac6d25-5800-4753-bb74-d566aeca1983', 'Sport', 'sport', 2024, '1.5L Turbo I4', 190, 179, 'Gasoline', 'CVT', 'AWD', 27, 32, 35955, true, NOW(), NOW()) ON CONFLICT ("ModelId", "Year", "Slug") DO UPDATE SET "EngineSize" = EXCLUDED."EngineSize", "Horsepower" = EXCLUDED."Horsepower", "BaseMSRP" = EXCLUDED."BaseMSRP", "UpdatedAt" = NOW();
INSERT INTO "VehicleTrims" ("Id", "ModelId", "Name", "Slug", "Year", "EngineSize", "Horsepower", "Torque", "FuelType", "Transmission", "DriveType", "MpgCity", "MpgHighway", "BaseMSRP", "IsActive", "CreatedAt", "UpdatedAt") VALUES ('1ef1b20f-a2ef-454f-976e-49cba8238b37', '4cac6d25-5800-4753-bb74-d566aeca1983', 'Sport-L', 'sport-l', 2024, '1.5L Turbo I4', 190, 179, 'Gasoline', 'CVT', 'AWD', 27, 32, 37805, true, NOW(), NOW()) ON CONFLICT ("ModelId", "Year", "Slug") DO UPDATE SET "EngineSize" = EXCLUDED."EngineSize", "Horsepower" = EXCLUDED."Horsepower", "BaseMSRP" = EXCLUDED."BaseMSRP", "UpdatedAt" = NOW();
INSERT INTO "VehicleTrims" ("Id", "ModelId", "Name", "Slug", "Year", "EngineSize", "Horsepower", "Torque", "FuelType", "Transmission", "DriveType", "MpgCity", "MpgHighway", "BaseMSRP", "IsActive", "CreatedAt", "UpdatedAt") VALUES ('24ffeeae-2328-4708-bb23-ea1026af9f50', '4cac6d25-5800-4753-bb74-d566aeca1983', 'Hybrid Sport', 'hybrid-sport', 2024, '2.0L Hybrid', 204, 247, 'Hybrid', 'CVT', 'AWD', 43, 36, 34555, true, NOW(), NOW()) ON CONFLICT ("ModelId", "Year", "Slug") DO UPDATE SET "EngineSize" = EXCLUDED."EngineSize", "Horsepower" = EXCLUDED."Horsepower", "BaseMSRP" = EXCLUDED."BaseMSRP", "UpdatedAt" = NOW();
INSERT INTO "VehicleTrims" ("Id", "ModelId", "Name", "Slug", "Year", "EngineSize", "Horsepower", "Torque", "FuelType", "Transmission", "DriveType", "MpgCity", "MpgHighway", "BaseMSRP", "IsActive", "CreatedAt", "UpdatedAt") VALUES ('7a22801b-9a43-4e3b-94a0-1192c32ebe2e', '4cac6d25-5800-4753-bb74-d566aeca1983', 'Hybrid Sport-L', 'hybrid-sport-l', 2024, '2.0L Hybrid', 204, 247, 'Hybrid', 'CVT', 'AWD', 43, 36, 38905, true, NOW(), NOW()) ON CONFLICT ("ModelId", "Year", "Slug") DO UPDATE SET "EngineSize" = EXCLUDED."EngineSize", "Horsepower" = EXCLUDED."Horsepower", "BaseMSRP" = EXCLUDED."BaseMSRP", "UpdatedAt" = NOW();
INSERT INTO "VehicleTrims" ("Id", "ModelId", "Name", "Slug", "Year", "EngineSize", "Horsepower", "Torque", "FuelType", "Transmission", "DriveType", "MpgCity", "MpgHighway", "BaseMSRP", "IsActive", "CreatedAt", "UpdatedAt") VALUES ('088a55ee-2c28-47bc-bfb9-e71dd47bd88c', '4cac6d25-5800-4753-bb74-d566aeca1983', 'Hybrid Sport Touring', 'hybrid-sport-touring', 2024, '2.0L Hybrid', 204, 247, 'Hybrid', 'CVT', 'AWD', 40, 34, 41305, true, NOW(), NOW()) ON CONFLICT ("ModelId", "Year", "Slug") DO UPDATE SET "EngineSize" = EXCLUDED."EngineSize", "Horsepower" = EXCLUDED."Horsepower", "BaseMSRP" = EXCLUDED."BaseMSRP", "UpdatedAt" = NOW();
INSERT INTO "VehicleTrims" ("Id", "ModelId", "Name", "Slug", "Year", "EngineSize", "Horsepower", "Torque", "FuelType", "Transmission", "DriveType", "MpgCity", "MpgHighway", "BaseMSRP", "IsActive", "CreatedAt", "UpdatedAt") VALUES ('5d21a465-129f-4793-adaf-2bc504d1342c', '8eaa8a6d-5542-45e2-80cf-a6dd593e40af', 'XL', 'xl', 2024, '3.3L V6', 290, 265, 'Gasoline', 'Automatic', 'RWD', 20, 24, 36920, true, NOW(), NOW()) ON CONFLICT ("ModelId", "Year", "Slug") DO UPDATE SET "EngineSize" = EXCLUDED."EngineSize", "Horsepower" = EXCLUDED."Horsepower", "BaseMSRP" = EXCLUDED."BaseMSRP", "UpdatedAt" = NOW();
INSERT INTO "VehicleTrims" ("Id", "ModelId", "Name", "Slug", "Year", "EngineSize", "Horsepower", "Torque", "FuelType", "Transmission", "DriveType", "MpgCity", "MpgHighway", "BaseMSRP", "IsActive", "CreatedAt", "UpdatedAt") VALUES ('096c8cb9-d964-4662-a0cc-26ba3940df9c', '8eaa8a6d-5542-45e2-80cf-a6dd593e40af', 'XLT', 'xlt', 2024, '2.7L EcoBoost V6', 325, 400, 'Gasoline', 'Automatic', 'FourWD', 19, 24, 45835, true, NOW(), NOW()) ON CONFLICT ("ModelId", "Year", "Slug") DO UPDATE SET "EngineSize" = EXCLUDED."EngineSize", "Horsepower" = EXCLUDED."Horsepower", "BaseMSRP" = EXCLUDED."BaseMSRP", "UpdatedAt" = NOW();
INSERT INTO "VehicleTrims" ("Id", "ModelId", "Name", "Slug", "Year", "EngineSize", "Horsepower", "Torque", "FuelType", "Transmission", "DriveType", "MpgCity", "MpgHighway", "BaseMSRP", "IsActive", "CreatedAt", "UpdatedAt") VALUES ('88defe71-3061-432d-85a9-5c1d783efa37', '8eaa8a6d-5542-45e2-80cf-a6dd593e40af', 'Lariat', 'lariat', 2024, '3.5L EcoBoost V6', 400, 500, 'Gasoline', 'Automatic', 'FourWD', 17, 23, 57120, true, NOW(), NOW()) ON CONFLICT ("ModelId", "Year", "Slug") DO UPDATE SET "EngineSize" = EXCLUDED."EngineSize", "Horsepower" = EXCLUDED."Horsepower", "BaseMSRP" = EXCLUDED."BaseMSRP", "UpdatedAt" = NOW();
INSERT INTO "VehicleTrims" ("Id", "ModelId", "Name", "Slug", "Year", "EngineSize", "Horsepower", "Torque", "FuelType", "Transmission", "DriveType", "MpgCity", "MpgHighway", "BaseMSRP", "IsActive", "CreatedAt", "UpdatedAt") VALUES ('3ac77391-a313-4847-bbbc-5f2e2fdcc2b8', '8eaa8a6d-5542-45e2-80cf-a6dd593e40af', 'King Ranch', 'king-ranch', 2024, '3.5L EcoBoost V6', 400, 500, 'Gasoline', 'Automatic', 'FourWD', 17, 23, 66005, true, NOW(), NOW()) ON CONFLICT ("ModelId", "Year", "Slug") DO UPDATE SET "EngineSize" = EXCLUDED."EngineSize", "Horsepower" = EXCLUDED."Horsepower", "BaseMSRP" = EXCLUDED."BaseMSRP", "UpdatedAt" = NOW();
INSERT INTO "VehicleTrims" ("Id", "ModelId", "Name", "Slug", "Year", "EngineSize", "Horsepower", "Torque", "FuelType", "Transmission", "DriveType", "MpgCity", "MpgHighway", "BaseMSRP", "IsActive", "CreatedAt", "UpdatedAt") VALUES ('7ae560f4-2607-48be-a449-0e07e7b9c40d', '8eaa8a6d-5542-45e2-80cf-a6dd593e40af', 'Platinum', 'platinum', 2024, '3.5L EcoBoost V6', 400, 500, 'Gasoline', 'Automatic', 'FourWD', 17, 23, 69405, true, NOW(), NOW()) ON CONFLICT ("ModelId", "Year", "Slug") DO UPDATE SET "EngineSize" = EXCLUDED."EngineSize", "Horsepower" = EXCLUDED."Horsepower", "BaseMSRP" = EXCLUDED."BaseMSRP", "UpdatedAt" = NOW();
INSERT INTO "VehicleTrims" ("Id", "ModelId", "Name", "Slug", "Year", "EngineSize", "Horsepower", "Torque", "FuelType", "Transmission", "DriveType", "MpgCity", "MpgHighway", "BaseMSRP", "IsActive", "CreatedAt", "UpdatedAt") VALUES ('b7443ec6-b03e-48d8-b21c-6a3b5b624e80', '8eaa8a6d-5542-45e2-80cf-a6dd593e40af', 'Limited', 'limited', 2024, '3.5L EcoBoost V6', 400, 500, 'Gasoline', 'Automatic', 'FourWD', 17, 23, 79005, true, NOW(), NOW()) ON CONFLICT ("ModelId", "Year", "Slug") DO UPDATE SET "EngineSize" = EXCLUDED."EngineSize", "Horsepower" = EXCLUDED."Horsepower", "BaseMSRP" = EXCLUDED."BaseMSRP", "UpdatedAt" = NOW();
INSERT INTO "VehicleTrims" ("Id", "ModelId", "Name", "Slug", "Year", "EngineSize", "Horsepower", "Torque", "FuelType", "Transmission", "DriveType", "MpgCity", "MpgHighway", "BaseMSRP", "IsActive", "CreatedAt", "UpdatedAt") VALUES ('a91bb283-a98e-4509-afec-366aae89b1cc', '8eaa8a6d-5542-45e2-80cf-a6dd593e40af', 'Raptor', 'raptor', 2024, '3.5L EcoBoost V6', 450, 510, 'Gasoline', 'Automatic', 'FourWD', 15, 18, 76775, true, NOW(), NOW()) ON CONFLICT ("ModelId", "Year", "Slug") DO UPDATE SET "EngineSize" = EXCLUDED."EngineSize", "Horsepower" = EXCLUDED."Horsepower", "BaseMSRP" = EXCLUDED."BaseMSRP", "UpdatedAt" = NOW();
INSERT INTO "VehicleTrims" ("Id", "ModelId", "Name", "Slug", "Year", "EngineSize", "Horsepower", "Torque", "FuelType", "Transmission", "DriveType", "MpgCity", "MpgHighway", "BaseMSRP", "IsActive", "CreatedAt", "UpdatedAt") VALUES ('57cd7db6-e7c4-4e93-a8ac-9d4345a52845', '8eaa8a6d-5542-45e2-80cf-a6dd593e40af', 'Raptor R', 'raptor-r', 2024, '5.2L Supercharged V8', 720, 640, 'Gasoline', 'Automatic', 'FourWD', 10, 15, 112590, true, NOW(), NOW()) ON CONFLICT ("ModelId", "Year", "Slug") DO UPDATE SET "EngineSize" = EXCLUDED."EngineSize", "Horsepower" = EXCLUDED."Horsepower", "BaseMSRP" = EXCLUDED."BaseMSRP", "UpdatedAt" = NOW();
INSERT INTO "VehicleTrims" ("Id", "ModelId", "Name", "Slug", "Year", "EngineSize", "Horsepower", "Torque", "FuelType", "Transmission", "DriveType", "MpgCity", "MpgHighway", "BaseMSRP", "IsActive", "CreatedAt", "UpdatedAt") VALUES ('9cb36470-cd8a-47ec-9e69-4ed2111dedae', '8eaa8a6d-5542-45e2-80cf-a6dd593e40af', 'Lightning XLT', 'lightning-xlt', 2024, 'Electric', 452, 775, 'Electric', 'Automatic', 'FourWD', 76, 61, 52990, true, NOW(), NOW()) ON CONFLICT ("ModelId", "Year", "Slug") DO UPDATE SET "EngineSize" = EXCLUDED."EngineSize", "Horsepower" = EXCLUDED."Horsepower", "BaseMSRP" = EXCLUDED."BaseMSRP", "UpdatedAt" = NOW();
INSERT INTO "VehicleTrims" ("Id", "ModelId", "Name", "Slug", "Year", "EngineSize", "Horsepower", "Torque", "FuelType", "Transmission", "DriveType", "MpgCity", "MpgHighway", "BaseMSRP", "IsActive", "CreatedAt", "UpdatedAt") VALUES ('fb7690b2-b0a4-43da-bb35-e7902b54b2f8', '8eaa8a6d-5542-45e2-80cf-a6dd593e40af', 'Lightning Lariat', 'lightning-lariat', 2024, 'Electric', 580, 775, 'Electric', 'Automatic', 'FourWD', 76, 61, 70990, true, NOW(), NOW()) ON CONFLICT ("ModelId", "Year", "Slug") DO UPDATE SET "EngineSize" = EXCLUDED."EngineSize", "Horsepower" = EXCLUDED."Horsepower", "BaseMSRP" = EXCLUDED."BaseMSRP", "UpdatedAt" = NOW();
INSERT INTO "VehicleTrims" ("Id", "ModelId", "Name", "Slug", "Year", "EngineSize", "Horsepower", "Torque", "FuelType", "Transmission", "DriveType", "MpgCity", "MpgHighway", "BaseMSRP", "IsActive", "CreatedAt", "UpdatedAt") VALUES ('3485f891-f3cc-4c04-a161-131bd0d71a53', '428a5c06-a9c4-43c7-bbcb-1d272fd93d3e', 'EcoBoost', 'ecoboost', 2024, '2.3L Turbo I4', 315, 350, 'Gasoline', 'Automatic', 'RWD', 22, 32, 32515, true, NOW(), NOW()) ON CONFLICT ("ModelId", "Year", "Slug") DO UPDATE SET "EngineSize" = EXCLUDED."EngineSize", "Horsepower" = EXCLUDED."Horsepower", "BaseMSRP" = EXCLUDED."BaseMSRP", "UpdatedAt" = NOW();
INSERT INTO "VehicleTrims" ("Id", "ModelId", "Name", "Slug", "Year", "EngineSize", "Horsepower", "Torque", "FuelType", "Transmission", "DriveType", "MpgCity", "MpgHighway", "BaseMSRP", "IsActive", "CreatedAt", "UpdatedAt") VALUES ('19f85afe-cd5c-4075-a42b-9151d7386a5b', '428a5c06-a9c4-43c7-bbcb-1d272fd93d3e', 'EcoBoost Premium', 'ecoboost-premium', 2024, '2.3L Turbo I4', 315, 350, 'Gasoline', 'Automatic', 'RWD', 22, 32, 38020, true, NOW(), NOW()) ON CONFLICT ("ModelId", "Year", "Slug") DO UPDATE SET "EngineSize" = EXCLUDED."EngineSize", "Horsepower" = EXCLUDED."Horsepower", "BaseMSRP" = EXCLUDED."BaseMSRP", "UpdatedAt" = NOW();
INSERT INTO "VehicleTrims" ("Id", "ModelId", "Name", "Slug", "Year", "EngineSize", "Horsepower", "Torque", "FuelType", "Transmission", "DriveType", "MpgCity", "MpgHighway", "BaseMSRP", "IsActive", "CreatedAt", "UpdatedAt") VALUES ('7f3add17-9b38-4da8-958a-78584420dc82', '428a5c06-a9c4-43c7-bbcb-1d272fd93d3e', 'GT', 'gt', 2024, '5.0L V8', 486, 418, 'Gasoline', 'Automatic', 'RWD', 17, 26, 43180, true, NOW(), NOW()) ON CONFLICT ("ModelId", "Year", "Slug") DO UPDATE SET "EngineSize" = EXCLUDED."EngineSize", "Horsepower" = EXCLUDED."Horsepower", "BaseMSRP" = EXCLUDED."BaseMSRP", "UpdatedAt" = NOW();
INSERT INTO "VehicleTrims" ("Id", "ModelId", "Name", "Slug", "Year", "EngineSize", "Horsepower", "Torque", "FuelType", "Transmission", "DriveType", "MpgCity", "MpgHighway", "BaseMSRP", "IsActive", "CreatedAt", "UpdatedAt") VALUES ('cff9f8b3-9008-4e91-a925-62d4897ec018', '428a5c06-a9c4-43c7-bbcb-1d272fd93d3e', 'GT Premium', 'gt-premium', 2024, '5.0L V8', 486, 418, 'Gasoline', 'Automatic', 'RWD', 17, 26, 48685, true, NOW(), NOW()) ON CONFLICT ("ModelId", "Year", "Slug") DO UPDATE SET "EngineSize" = EXCLUDED."EngineSize", "Horsepower" = EXCLUDED."Horsepower", "BaseMSRP" = EXCLUDED."BaseMSRP", "UpdatedAt" = NOW();
INSERT INTO "VehicleTrims" ("Id", "ModelId", "Name", "Slug", "Year", "EngineSize", "Horsepower", "Torque", "FuelType", "Transmission", "DriveType", "MpgCity", "MpgHighway", "BaseMSRP", "IsActive", "CreatedAt", "UpdatedAt") VALUES ('5502ce26-94f6-4a53-8b10-cfc6a2f3de7f', '428a5c06-a9c4-43c7-bbcb-1d272fd93d3e', 'Dark Horse', 'dark-horse', 2024, '5.0L V8', 500, 418, 'Gasoline', 'Automatic', 'RWD', 15, 24, 59565, true, NOW(), NOW()) ON CONFLICT ("ModelId", "Year", "Slug") DO UPDATE SET "EngineSize" = EXCLUDED."EngineSize", "Horsepower" = EXCLUDED."Horsepower", "BaseMSRP" = EXCLUDED."BaseMSRP", "UpdatedAt" = NOW();
INSERT INTO "VehicleTrims" ("Id", "ModelId", "Name", "Slug", "Year", "EngineSize", "Horsepower", "Torque", "FuelType", "Transmission", "DriveType", "MpgCity", "MpgHighway", "BaseMSRP", "IsActive", "CreatedAt", "UpdatedAt") VALUES ('1632ebda-e8a5-4a57-9f69-cc2a8afa2999', '428a5c06-a9c4-43c7-bbcb-1d272fd93d3e', 'Dark Horse Premium', 'dark-horse-premium', 2024, '5.0L V8', 500, 418, 'Gasoline', 'Automatic', 'RWD', 15, 24, 63165, true, NOW(), NOW()) ON CONFLICT ("ModelId", "Year", "Slug") DO UPDATE SET "EngineSize" = EXCLUDED."EngineSize", "Horsepower" = EXCLUDED."Horsepower", "BaseMSRP" = EXCLUDED."BaseMSRP", "UpdatedAt" = NOW();
INSERT INTO "VehicleTrims" ("Id", "ModelId", "Name", "Slug", "Year", "EngineSize", "Horsepower", "Torque", "FuelType", "Transmission", "DriveType", "MpgCity", "MpgHighway", "BaseMSRP", "IsActive", "CreatedAt", "UpdatedAt") VALUES ('33395dc1-c52f-4622-8b83-9e0d1c680694', 'ec17d2c2-5b65-4f8d-ba0e-d3c403b2c143', 'Standard Range', 'standard-range', 2024, 'Electric RWD', 272, 310, 'Electric', 'Automatic', 'RWD', 138, 126, 38990, true, NOW(), NOW()) ON CONFLICT ("ModelId", "Year", "Slug") DO UPDATE SET "EngineSize" = EXCLUDED."EngineSize", "Horsepower" = EXCLUDED."Horsepower", "BaseMSRP" = EXCLUDED."BaseMSRP", "UpdatedAt" = NOW();
INSERT INTO "VehicleTrims" ("Id", "ModelId", "Name", "Slug", "Year", "EngineSize", "Horsepower", "Torque", "FuelType", "Transmission", "DriveType", "MpgCity", "MpgHighway", "BaseMSRP", "IsActive", "CreatedAt", "UpdatedAt") VALUES ('a004b4b0-dbf9-4207-8477-5d3390ecf86a', 'ec17d2c2-5b65-4f8d-ba0e-d3c403b2c143', 'Long Range AWD', 'long-range-awd', 2024, 'Dual Motor', 366, 376, 'Electric', 'Automatic', 'AWD', 140, 127, 45990, true, NOW(), NOW()) ON CONFLICT ("ModelId", "Year", "Slug") DO UPDATE SET "EngineSize" = EXCLUDED."EngineSize", "Horsepower" = EXCLUDED."Horsepower", "BaseMSRP" = EXCLUDED."BaseMSRP", "UpdatedAt" = NOW();
INSERT INTO "VehicleTrims" ("Id", "ModelId", "Name", "Slug", "Year", "EngineSize", "Horsepower", "Torque", "FuelType", "Transmission", "DriveType", "MpgCity", "MpgHighway", "BaseMSRP", "IsActive", "CreatedAt", "UpdatedAt") VALUES ('66fa3beb-47d4-4f15-a201-ba93dcdc8f1f', 'ec17d2c2-5b65-4f8d-ba0e-d3c403b2c143', 'Performance', 'performance', 2024, 'Dual Motor', 510, 486, 'Electric', 'Automatic', 'AWD', 133, 125, 52990, true, NOW(), NOW()) ON CONFLICT ("ModelId", "Year", "Slug") DO UPDATE SET "EngineSize" = EXCLUDED."EngineSize", "Horsepower" = EXCLUDED."Horsepower", "BaseMSRP" = EXCLUDED."BaseMSRP", "UpdatedAt" = NOW();
INSERT INTO "VehicleTrims" ("Id", "ModelId", "Name", "Slug", "Year", "EngineSize", "Horsepower", "Torque", "FuelType", "Transmission", "DriveType", "MpgCity", "MpgHighway", "BaseMSRP", "IsActive", "CreatedAt", "UpdatedAt") VALUES ('346e2b33-7bc4-41cd-ae42-35986309dc15', 'cac12afd-a83a-4cba-b95a-32ad42dacf90', 'Standard Range', 'standard-range', 2024, 'Electric RWD', 272, 310, 'Electric', 'Automatic', 'RWD', 126, 115, 43990, true, NOW(), NOW()) ON CONFLICT ("ModelId", "Year", "Slug") DO UPDATE SET "EngineSize" = EXCLUDED."EngineSize", "Horsepower" = EXCLUDED."Horsepower", "BaseMSRP" = EXCLUDED."BaseMSRP", "UpdatedAt" = NOW();
INSERT INTO "VehicleTrims" ("Id", "ModelId", "Name", "Slug", "Year", "EngineSize", "Horsepower", "Torque", "FuelType", "Transmission", "DriveType", "MpgCity", "MpgHighway", "BaseMSRP", "IsActive", "CreatedAt", "UpdatedAt") VALUES ('3048922a-47ef-4b82-94f1-a36f2acc94c6', 'cac12afd-a83a-4cba-b95a-32ad42dacf90', 'Long Range AWD', 'long-range-awd', 2024, 'Dual Motor', 384, 376, 'Electric', 'Automatic', 'AWD', 127, 117, 48990, true, NOW(), NOW()) ON CONFLICT ("ModelId", "Year", "Slug") DO UPDATE SET "EngineSize" = EXCLUDED."EngineSize", "Horsepower" = EXCLUDED."Horsepower", "BaseMSRP" = EXCLUDED."BaseMSRP", "UpdatedAt" = NOW();
INSERT INTO "VehicleTrims" ("Id", "ModelId", "Name", "Slug", "Year", "EngineSize", "Horsepower", "Torque", "FuelType", "Transmission", "DriveType", "MpgCity", "MpgHighway", "BaseMSRP", "IsActive", "CreatedAt", "UpdatedAt") VALUES ('8a5a0959-c718-4ebd-bb9e-a324f567cd74', 'cac12afd-a83a-4cba-b95a-32ad42dacf90', 'Performance', 'performance', 2024, 'Dual Motor', 510, 486, 'Electric', 'Automatic', 'AWD', 115, 106, 52990, true, NOW(), NOW()) ON CONFLICT ("ModelId", "Year", "Slug") DO UPDATE SET "EngineSize" = EXCLUDED."EngineSize", "Horsepower" = EXCLUDED."Horsepower", "BaseMSRP" = EXCLUDED."BaseMSRP", "UpdatedAt" = NOW();
INSERT INTO "VehicleTrims" ("Id", "ModelId", "Name", "Slug", "Year", "EngineSize", "Horsepower", "Torque", "FuelType", "Transmission", "DriveType", "MpgCity", "MpgHighway", "BaseMSRP", "IsActive", "CreatedAt", "UpdatedAt") VALUES ('d02f4f45-d175-4bd0-9983-31c0b901882a', '562a02dd-4a39-4e81-a288-5a513902a11d', 'WT', 'wt', 2024, '2.7L Turbo I4', 310, 430, 'Gasoline', 'Automatic', 'RWD', 20, 23, 37495, true, NOW(), NOW()) ON CONFLICT ("ModelId", "Year", "Slug") DO UPDATE SET "EngineSize" = EXCLUDED."EngineSize", "Horsepower" = EXCLUDED."Horsepower", "BaseMSRP" = EXCLUDED."BaseMSRP", "UpdatedAt" = NOW();
INSERT INTO "VehicleTrims" ("Id", "ModelId", "Name", "Slug", "Year", "EngineSize", "Horsepower", "Torque", "FuelType", "Transmission", "DriveType", "MpgCity", "MpgHighway", "BaseMSRP", "IsActive", "CreatedAt", "UpdatedAt") VALUES ('2c0094d3-88d2-465a-8fe1-2710ef60e488', '562a02dd-4a39-4e81-a288-5a513902a11d', 'Custom', 'custom', 2024, '2.7L Turbo I4', 310, 430, 'Gasoline', 'Automatic', 'FourWD', 19, 22, 42495, true, NOW(), NOW()) ON CONFLICT ("ModelId", "Year", "Slug") DO UPDATE SET "EngineSize" = EXCLUDED."EngineSize", "Horsepower" = EXCLUDED."Horsepower", "BaseMSRP" = EXCLUDED."BaseMSRP", "UpdatedAt" = NOW();
INSERT INTO "VehicleTrims" ("Id", "ModelId", "Name", "Slug", "Year", "EngineSize", "Horsepower", "Torque", "FuelType", "Transmission", "DriveType", "MpgCity", "MpgHighway", "BaseMSRP", "IsActive", "CreatedAt", "UpdatedAt") VALUES ('ef621b7f-1d99-4933-b25a-65583985f081', '562a02dd-4a39-4e81-a288-5a513902a11d', 'LT', 'lt', 2024, '5.3L V8', 355, 383, 'Gasoline', 'Automatic', 'FourWD', 16, 22, 49095, true, NOW(), NOW()) ON CONFLICT ("ModelId", "Year", "Slug") DO UPDATE SET "EngineSize" = EXCLUDED."EngineSize", "Horsepower" = EXCLUDED."Horsepower", "BaseMSRP" = EXCLUDED."BaseMSRP", "UpdatedAt" = NOW();
INSERT INTO "VehicleTrims" ("Id", "ModelId", "Name", "Slug", "Year", "EngineSize", "Horsepower", "Torque", "FuelType", "Transmission", "DriveType", "MpgCity", "MpgHighway", "BaseMSRP", "IsActive", "CreatedAt", "UpdatedAt") VALUES ('4b00c590-12f4-4679-8702-47e754261a04', '562a02dd-4a39-4e81-a288-5a513902a11d', 'RST', 'rst', 2024, '5.3L V8', 355, 383, 'Gasoline', 'Automatic', 'FourWD', 16, 22, 53595, true, NOW(), NOW()) ON CONFLICT ("ModelId", "Year", "Slug") DO UPDATE SET "EngineSize" = EXCLUDED."EngineSize", "Horsepower" = EXCLUDED."Horsepower", "BaseMSRP" = EXCLUDED."BaseMSRP", "UpdatedAt" = NOW();
INSERT INTO "VehicleTrims" ("Id", "ModelId", "Name", "Slug", "Year", "EngineSize", "Horsepower", "Torque", "FuelType", "Transmission", "DriveType", "MpgCity", "MpgHighway", "BaseMSRP", "IsActive", "CreatedAt", "UpdatedAt") VALUES ('a19e3792-4116-4f8a-a121-05b5c2b33edd', '562a02dd-4a39-4e81-a288-5a513902a11d', 'LT Trail Boss', 'lt-trail-boss', 2024, '5.3L V8', 355, 383, 'Gasoline', 'Automatic', 'FourWD', 15, 20, 53095, true, NOW(), NOW()) ON CONFLICT ("ModelId", "Year", "Slug") DO UPDATE SET "EngineSize" = EXCLUDED."EngineSize", "Horsepower" = EXCLUDED."Horsepower", "BaseMSRP" = EXCLUDED."BaseMSRP", "UpdatedAt" = NOW();
INSERT INTO "VehicleTrims" ("Id", "ModelId", "Name", "Slug", "Year", "EngineSize", "Horsepower", "Torque", "FuelType", "Transmission", "DriveType", "MpgCity", "MpgHighway", "BaseMSRP", "IsActive", "CreatedAt", "UpdatedAt") VALUES ('61f555dc-d98f-4d9d-9ec4-61640a4dd14f', '562a02dd-4a39-4e81-a288-5a513902a11d', 'ZR2', 'zr2', 2024, '6.2L V8', 420, 460, 'Gasoline', 'Automatic', 'FourWD', 14, 18, 74595, true, NOW(), NOW()) ON CONFLICT ("ModelId", "Year", "Slug") DO UPDATE SET "EngineSize" = EXCLUDED."EngineSize", "Horsepower" = EXCLUDED."Horsepower", "BaseMSRP" = EXCLUDED."BaseMSRP", "UpdatedAt" = NOW();
INSERT INTO "VehicleTrims" ("Id", "ModelId", "Name", "Slug", "Year", "EngineSize", "Horsepower", "Torque", "FuelType", "Transmission", "DriveType", "MpgCity", "MpgHighway", "BaseMSRP", "IsActive", "CreatedAt", "UpdatedAt") VALUES ('82657e7d-6331-481d-b68d-e221404caabb', '562a02dd-4a39-4e81-a288-5a513902a11d', 'High Country', 'high-country', 2024, '6.2L V8', 420, 460, 'Gasoline', 'Automatic', 'FourWD', 15, 20, 64895, true, NOW(), NOW()) ON CONFLICT ("ModelId", "Year", "Slug") DO UPDATE SET "EngineSize" = EXCLUDED."EngineSize", "Horsepower" = EXCLUDED."Horsepower", "BaseMSRP" = EXCLUDED."BaseMSRP", "UpdatedAt" = NOW();
INSERT INTO "VehicleTrims" ("Id", "ModelId", "Name", "Slug", "Year", "EngineSize", "Horsepower", "Torque", "FuelType", "Transmission", "DriveType", "MpgCity", "MpgHighway", "BaseMSRP", "IsActive", "CreatedAt", "UpdatedAt") VALUES ('16eba7c2-63ac-427d-ab6e-c99704b4e456', 'e66419bb-c023-4e6f-9973-f166f2d6f228', '330i', '330i', 2024, '2.0L Turbo I4', 255, 295, 'Gasoline', 'Automatic', 'RWD', 26, 36, 44400, true, NOW(), NOW()) ON CONFLICT ("ModelId", "Year", "Slug") DO UPDATE SET "EngineSize" = EXCLUDED."EngineSize", "Horsepower" = EXCLUDED."Horsepower", "BaseMSRP" = EXCLUDED."BaseMSRP", "UpdatedAt" = NOW();
INSERT INTO "VehicleTrims" ("Id", "ModelId", "Name", "Slug", "Year", "EngineSize", "Horsepower", "Torque", "FuelType", "Transmission", "DriveType", "MpgCity", "MpgHighway", "BaseMSRP", "IsActive", "CreatedAt", "UpdatedAt") VALUES ('ef454538-fa93-4084-8eab-1ac166c54695', 'e66419bb-c023-4e6f-9973-f166f2d6f228', '330i xDrive', '330i-xdrive', 2024, '2.0L Turbo I4', 255, 295, 'Gasoline', 'Automatic', 'AWD', 25, 34, 46400, true, NOW(), NOW()) ON CONFLICT ("ModelId", "Year", "Slug") DO UPDATE SET "EngineSize" = EXCLUDED."EngineSize", "Horsepower" = EXCLUDED."Horsepower", "BaseMSRP" = EXCLUDED."BaseMSRP", "UpdatedAt" = NOW();
INSERT INTO "VehicleTrims" ("Id", "ModelId", "Name", "Slug", "Year", "EngineSize", "Horsepower", "Torque", "FuelType", "Transmission", "DriveType", "MpgCity", "MpgHighway", "BaseMSRP", "IsActive", "CreatedAt", "UpdatedAt") VALUES ('b6366e0b-772e-48e7-9dda-305687964c10', 'e66419bb-c023-4e6f-9973-f166f2d6f228', '330e', '330e', 2024, '2.0L PHEV', 288, 310, 'PlugInHybrid', 'Automatic', 'RWD', 28, 35, 48900, true, NOW(), NOW()) ON CONFLICT ("ModelId", "Year", "Slug") DO UPDATE SET "EngineSize" = EXCLUDED."EngineSize", "Horsepower" = EXCLUDED."Horsepower", "BaseMSRP" = EXCLUDED."BaseMSRP", "UpdatedAt" = NOW();
INSERT INTO "VehicleTrims" ("Id", "ModelId", "Name", "Slug", "Year", "EngineSize", "Horsepower", "Torque", "FuelType", "Transmission", "DriveType", "MpgCity", "MpgHighway", "BaseMSRP", "IsActive", "CreatedAt", "UpdatedAt") VALUES ('2059691d-5eee-4e7e-88ce-fdfa6f4963da', 'e66419bb-c023-4e6f-9973-f166f2d6f228', 'M340i', 'm340i', 2024, '3.0L Turbo I6', 382, 369, 'Gasoline', 'Automatic', 'RWD', 24, 33, 57400, true, NOW(), NOW()) ON CONFLICT ("ModelId", "Year", "Slug") DO UPDATE SET "EngineSize" = EXCLUDED."EngineSize", "Horsepower" = EXCLUDED."Horsepower", "BaseMSRP" = EXCLUDED."BaseMSRP", "UpdatedAt" = NOW();
INSERT INTO "VehicleTrims" ("Id", "ModelId", "Name", "Slug", "Year", "EngineSize", "Horsepower", "Torque", "FuelType", "Transmission", "DriveType", "MpgCity", "MpgHighway", "BaseMSRP", "IsActive", "CreatedAt", "UpdatedAt") VALUES ('b76fd536-03dc-4440-bc57-ded360becfa4', 'e66419bb-c023-4e6f-9973-f166f2d6f228', 'M340i xDrive', 'm340i-xdrive', 2024, '3.0L Turbo I6', 382, 369, 'Gasoline', 'Automatic', 'AWD', 24, 32, 59400, true, NOW(), NOW()) ON CONFLICT ("ModelId", "Year", "Slug") DO UPDATE SET "EngineSize" = EXCLUDED."EngineSize", "Horsepower" = EXCLUDED."Horsepower", "BaseMSRP" = EXCLUDED."BaseMSRP", "UpdatedAt" = NOW();
INSERT INTO "VehicleTrims" ("Id", "ModelId", "Name", "Slug", "Year", "EngineSize", "Horsepower", "Torque", "FuelType", "Transmission", "DriveType", "MpgCity", "MpgHighway", "BaseMSRP", "IsActive", "CreatedAt", "UpdatedAt") VALUES ('963e9e05-de98-4ac0-a00e-a823e05cc165', 'db10f458-7ed0-4937-9ae8-a6ce9762caa2', 'C 300', 'c-300', 2024, '2.0L Turbo I4', 255, 295, 'Gasoline', 'Automatic', 'RWD', 25, 35, 47550, true, NOW(), NOW()) ON CONFLICT ("ModelId", "Year", "Slug") DO UPDATE SET "EngineSize" = EXCLUDED."EngineSize", "Horsepower" = EXCLUDED."Horsepower", "BaseMSRP" = EXCLUDED."BaseMSRP", "UpdatedAt" = NOW();
INSERT INTO "VehicleTrims" ("Id", "ModelId", "Name", "Slug", "Year", "EngineSize", "Horsepower", "Torque", "FuelType", "Transmission", "DriveType", "MpgCity", "MpgHighway", "BaseMSRP", "IsActive", "CreatedAt", "UpdatedAt") VALUES ('b20ac536-54bd-4ef4-bdad-6b12a5f2c08f', 'db10f458-7ed0-4937-9ae8-a6ce9762caa2', 'C 300 4MATIC', 'c-300-4matic', 2024, '2.0L Turbo I4', 255, 295, 'Gasoline', 'Automatic', 'AWD', 24, 33, 49550, true, NOW(), NOW()) ON CONFLICT ("ModelId", "Year", "Slug") DO UPDATE SET "EngineSize" = EXCLUDED."EngineSize", "Horsepower" = EXCLUDED."Horsepower", "BaseMSRP" = EXCLUDED."BaseMSRP", "UpdatedAt" = NOW();
INSERT INTO "VehicleTrims" ("Id", "ModelId", "Name", "Slug", "Year", "EngineSize", "Horsepower", "Torque", "FuelType", "Transmission", "DriveType", "MpgCity", "MpgHighway", "BaseMSRP", "IsActive", "CreatedAt", "UpdatedAt") VALUES ('063e3a64-33f6-459f-9d6c-7ecd6313e990', 'db10f458-7ed0-4937-9ae8-a6ce9762caa2', 'AMG C 43 4MATIC', 'amg-c-43-4matic', 2024, '2.0L Turbo I4', 402, 369, 'Gasoline', 'Automatic', 'AWD', 22, 30, 60600, true, NOW(), NOW()) ON CONFLICT ("ModelId", "Year", "Slug") DO UPDATE SET "EngineSize" = EXCLUDED."EngineSize", "Horsepower" = EXCLUDED."Horsepower", "BaseMSRP" = EXCLUDED."BaseMSRP", "UpdatedAt" = NOW();
INSERT INTO "VehicleTrims" ("Id", "ModelId", "Name", "Slug", "Year", "EngineSize", "Horsepower", "Torque", "FuelType", "Transmission", "DriveType", "MpgCity", "MpgHighway", "BaseMSRP", "IsActive", "CreatedAt", "UpdatedAt") VALUES ('b98d1a26-aa30-476a-b918-af4e698c346c', 'db10f458-7ed0-4937-9ae8-a6ce9762caa2', 'AMG C 63 S E PERFORMANCE', 'amg-c-63-s-e-performance', 2024, '2.0L Turbo PHEV', 671, 752, 'PlugInHybrid', 'Automatic', 'AWD', 16, 22, 89800, true, NOW(), NOW()) ON CONFLICT ("ModelId", "Year", "Slug") DO UPDATE SET "EngineSize" = EXCLUDED."EngineSize", "Horsepower" = EXCLUDED."Horsepower", "BaseMSRP" = EXCLUDED."BaseMSRP", "UpdatedAt" = NOW();

-- ========================================
-- VERIFICACIÓN
-- ========================================

SELECT 'Makes: ' || COUNT(*) FROM "VehicleMakes";
SELECT 'Models: ' || COUNT(*) FROM "VehicleModels";
SELECT 'Trims: ' || COUNT(*) FROM "VehicleTrims";